region_id,elevation_p10_m,elevation_p90_m,terrain_relief,dem_pixel_count,terrain_relief_source_type,terrain_relief_missing_reason
11110,29.298431968688966,361.9308593750001,332.63242740631114,2972,static_reference,
11140,23.636598205566408,98.58096923828127,74.94437103271486,1230,static_reference,
11170,3.280648708343506,76.80792388916016,73.52727518081666,2693,static_reference,
11200,6.833641910552979,50.118325042724614,43.28468313217164,2067,static_reference,
11215,8.834575271606447,103.28940429687505,94.4548290252686,2105,static_reference,
11230,12.699303436279298,38.38937835693361,25.690074920654315,1765,static_reference,
11260,14.362408542633057,129.5458847045899,115.18347616195683,2288,static_reference,
11290,22.409592628479004,242.30577239990237,219.89617977142336,3028,static_reference,
11305,33.89810485839844,366.79797973632816,332.89987487792973,2913,static_reference,
11320,25.65645523071289,312.53999328613276,286.8835380554199,2560,static_reference,
11350,21.238460540771484,223.49883270263672,202.26037216186523,4386,static_reference,
11380,21.352144241333008,235.9027099609375,214.5505657196045,3661,static_reference,
11410,22.418582916259766,145.43133544921875,123.01275253295898,2181,static_reference,
11440,2.79943311214447,47.57456398010254,44.77513086795807,2946,static_reference,
11470,8.150831985473634,42.155427551269526,34.004595565795896,2148,static_reference,
11500,6.624691486358643,30.656326293945312,24.03163480758667,5131,static_reference,
11530,9.482829093933105,54.71215744018555,45.229328346252444,2487,static_reference,
11545,9.864219665527344,131.5979064941407,121.73368682861334,1607,static_reference,
11560,3.189515972137451,17.95138740539551,14.76187143325806,3043,static_reference,
11590,14.77873191833496,85.99158096313478,71.21284904479982,2024,static_reference,
11620,27.218473625183105,311.84104919433594,284.62257556915284,3662,static_reference,
11650,14.035014533996582,172.98094787597665,158.94593334198007,5797,static_reference,
11680,13.098672008514404,62.7872753143311,49.68860330581669,4878,static_reference,
11710,8.720442771911621,38.319759368896484,29.599316596984863,4176,static_reference,
11740,12.976751708984375,41.18003463745117,28.2032829284668,3027,static_reference,
12110,1.5635935306549074,52.47773361206054,50.914140081405634,6609,static_reference,
12130,5.990789413452148,197.9079132080078,191.91712379455566,65321,static_reference,
12150,26.766416168212896,427.6530090332031,400.8865928649902,112559,static_reference,
12170,6.087855339050293,161.15695190429702,155.06909656524672,74795,static_reference,
12190,3.6827195644378663,566.2142456054688,562.5315260410309,57692,static_reference,
12210,62.827676391601564,444.406607055664,381.5789306640624,6024,static_reference,
12240,13.554495048522949,64.67226333618173,51.11776828765878,5882,static_reference,
12270,10.396020317077637,129.83080444335945,119.43478412628181,7477,static_reference,
12300,25.14129066467285,321.8885803222656,296.7472896575928,14731,static_reference,
12330,14.77033290863037,110.35967178344724,95.58933887481687,27428,static_reference,
12710,44.67434768676758,375.4994812011719,330.8251335144043,55997,static_reference,
12720,76.84627990722656,453.6851989746094,376.83891906738285,67703,static_reference,
12730,56.43158721923828,905.5547119140625,849.1231246948242,54263,static_reference,
12740,1.2122643232345582,192.6242706298828,191.41200630664824,100559,static_reference,
12750,18.855613708496094,349.3463439941406,330.49073028564453,82231,static_reference,
12760,81.13180694580078,403.896014404297,322.76420745849623,97287,static_reference,
12770,14.387979125976566,320.01470336914065,305.62672424316406,76793,static_reference,
12780,7.6947712898254395,241.98507690429688,234.29030561447144,61836,static_reference,
12790,0.8193366527557373,166.45547485351562,165.6361382007599,129301,static_reference,
12800,0.2652702033519745,252.76876831054688,252.5034981071949,75471,static_reference,
12810,0.8118132472038271,90.40407257080074,89.5922593235969,56285,static_reference,
12820,8.469997692108153,152.041033935547,143.57103624343884,48108,static_reference,
12830,3.0188465118408203,162.6413803100586,159.62253379821777,59416,static_reference,
12840,46.405875778198244,348.19329223632815,301.7874164581299,63942,static_reference,
12850,5.174683570861816,201.1935272216797,196.01884365081787,50441,static_reference,
12860,1.6982316732406617,135.86096038818374,134.16272871494309,55914,static_reference,
12870,1.2043387651443482,80.80314636230473,79.59880759716039,83995,static_reference,
26110,1.5420286893844606,112.89034194946291,111.34831326007844,378,static_reference,
26140,10.468936061859132,325.61801452636723,315.1490784645081,1750,static_reference,
26170,2.113752031326294,238.05189361572266,235.93814158439636,1238,static_reference,
26200,3.684617018699646,194.7475860595704,191.06296904087077,1820,static_reference,
26230,17.140409469604492,314.74688720703125,297.60647773742676,3686,static_reference,
26260,5.729061317443848,209.7201385498049,203.99107723236105,2060,static_reference,
26290,3.223990535736084,123.89558258056645,120.67159204483038,3359,static_reference,
26320,4.189801263809204,419.6294769287109,415.4396756649017,4894,static_reference,
26350,6.4969044685363775,328.17045288085944,321.67354841232304,6445,static_reference,
26380,0.1689361274242401,167.7542175292971,167.58528140187286,5830,static_reference,
26410,34.68890914916992,478.1923400878906,443.50343093872067,8133,static_reference,
26440,0.38300543129444126,132.90095062255855,132.51794519126412,22958,static_reference,
26470,5.693408203125,175.74605407714844,170.05264587402345,1494,static_reference,
26500,3.715458345413208,148.9483917236329,145.2329333782197,1272,static_reference,
26530,1.0245943784713747,277.2589508056641,276.2343564271927,4482,static_reference,
26710,25.89182758331299,313.1442169189453,287.2523893356323,27090,static_reference,
27110,38.52385330200195,51.396566009521486,12.872712707519533,878,static_reference,
27140,38.329642868042,560.8638366699217,522.5341938018797,22448,static_reference,
27170,25.02252616882324,65.82770538330078,40.80517921447754,2147,static_reference,
27200,54.5634407043457,420.842562866211,366.2791221618653,2194,static_reference,
27230,28.1414213180542,180.72066497802734,152.57924365997314,11586,static_reference,
27260,46.56092491149902,383.2656738281251,336.7047489166261,9468,static_reference,
27290,21.872351455688477,346.21041870117176,324.3380672454833,7729,static_reference,
27710,21.21260299682617,553.2994628906253,532.0868598937991,52274,static_reference,
27720,107.69086990356446,453.4735351562501,345.7826652526856,75752,static_reference,
28125,4.762797323862712,28.856505584716803,24.093708260854097,9829,proxy,2026 administrative split estimated from prior SGIS boundaries
28155,2.408552646636963,46.4423828125,44.03383016586304,8925,proxy,2026 administrative split estimated from prior SGIS boundaries
28177,5.866664123535156,49.19905242919922,43.33238830566406,3087,static_reference,
28185,0.08384257555007936,23.21599082946779,23.13214825391771,7527,static_reference,
28200,5.116784763336182,68.8573989868164,63.74061422348022,7119,static_reference,
28237,9.535133361816406,79.94279479980474,70.40766143798834,3954,static_reference,
28245,6.93775053024292,87.62481155395508,80.68706102371216,5632,static_reference,
28275,4.538035917282104,50.749761581420906,46.211725664138804,10645,proxy,2026 administrative split estimated from prior SGIS boundaries
28290,4.538035917282104,50.74976158142091,46.21172566413881,5732,proxy,2026 administrative split estimated from prior SGIS boundaries
28710,7.625124931335449,141.13407135009766,133.5089464187622,51026,static_reference,
28720,6.035131645202637,104.18963088989258,98.15449924468994,22724,static_reference,
30110,69.99478149414062,311.2642822265625,241.26950073242188,16926,static_reference,
30140,52.37428092956543,285.77772521972656,233.40344429016113,7676,static_reference,
30170,47.3252513885498,214.8469207763672,167.52166938781738,11790,static_reference,
30200,44.11839981079102,219.6753051757812,175.5569053649902,21713,static_reference,
30230,34.45091285705566,205.14477386474613,170.69386100769046,8542,static_reference,
31110,4.697884798049927,125.95516967773438,121.25728487968445,4576,static_reference,
31140,2.436189365386963,54.825563812255865,52.3893744468689,9119,static_reference,
31170,4.223294925689697,152.1687973022461,147.94550237655642,4498,static_reference,
31200,11.323834323883057,264.25560302734374,252.93176870346068,19544,static_reference,
31710,32.40601348876953,501.0992187500005,468.69320526123096,93497,static_reference,
36110,26.82169589996338,180.96812744140627,154.1464315414429,57462,proxy,2026 administrative split estimated from prior SGIS boundaries
41110,26.166797637939453,145.4483871459961,119.28158950805664,14936,static_reference,
41130,36.80736618041992,252.26051940917975,215.45315322875985,17463,static_reference,
41150,43.68520889282227,266.07213745117184,222.38692855834958,10107,static_reference,
41170,28.917098617553712,253.25711364746093,224.34001502990722,7217,static_reference,
41190,8.496851062774658,64.98571853637695,56.48886747360229,6624,static_reference,
41210,12.863071250915528,95.21002197265628,82.34695072174075,4757,static_reference,
41220,4.151620292663575,39.10793838500978,34.95631809234621,56697,static_reference,
41250,65.53352355957031,396.8174743652344,331.28395080566406,11841,static_reference,
41270,1.4385939598083497,63.12640304565432,61.68780908584597,21255,static_reference,
41280,7.657378959655762,139.3047943115235,131.64741535186772,32897,static_reference,
41290,38.57933578491211,323.86650390625,285.28716812133786,4425,static_reference,
41310,13.149832057952882,121.56963272094728,108.4198006629944,4104,static_reference,
41360,36.53277435302734,372.20098876953136,335.66821441650404,56748,static_reference,
41370,18.65303058624268,73.0371711730957,54.38414058685302,5274,static_reference,
41390,3.8381384134292604,66.55782852172852,62.71969010829926,17470,static_reference,
41410,41.53732757568359,180.4004638671875,138.8631362915039,4507,static_reference,
41430,52.23820457458496,260.66188049316406,208.4236759185791,6660,static_reference,
41450,17.5676700592041,298.71640014648443,281.14873008728034,11464,static_reference,
41460,65.65698547363282,253.90647583007816,188.24949035644534,73065,static_reference,
41480,11.020661735534668,165.03592224121084,154.01526050567617,85099,static_reference,
41500,58.28875503540039,171.58041687011718,113.29166183471679,57015,static_reference,
41550,28.599829483032227,230.1894210815429,201.58959159851065,68350,static_reference,
41570,4.488219213485718,50.85346145629883,46.36524224281311,34684,static_reference,
41590,2.93593168258667,75.67156219482422,72.73563051223755,93151,static_reference,
41610,57.48900146484375,335.9702117919922,278.48121032714846,53092,static_reference,
41630,80.46198425292968,298.27406005859376,217.81207580566408,38355,static_reference,
41650,106.28460464477538,481.4870941162111,375.2024894714357,101948,static_reference,
41670,43.8210693359375,217.4357086181642,173.6146392822267,75005,static_reference,
41800,42.670488357543945,293.0090789794922,250.33859062194824,85976,static_reference,
41820,106.25434417724611,676.5522399902344,570.2978958129883,103820,static_reference,
41830,65.76488571166992,437.65061645507814,371.8857307434082,108264,static_reference,
43110,40.34917907714844,335.9280090332031,295.5788299560547,116009,static_reference,
43130,82.1738983154297,408.44156494140634,326.26766662597663,121202,static_reference,
43150,184.86741638183594,642.5773315429688,457.7099151611328,108971,static_reference,
43720,147.23228454589844,457.8916687011719,310.6593841552735,72093,static_reference,
43730,99.5898551940918,334.9325958251953,235.34274063110348,66880,static_reference,
43740,154.44857788085938,631.712158203125,477.2635803222656,105291,static_reference,
43745,64.07360229492187,316.94528808593753,252.87168579101566,10103,static_reference,
43750,64.15826873779297,314.69476013183595,250.53649139404297,50402,static_reference,
43760,132.57126922607424,518.3268432617186,385.7555740356444,103954,static_reference,
43770,89.16922225952149,295.98027954101565,206.81105728149416,64148,static_reference,
43800,209.9535339355469,828.7267639160157,618.7732299804688,96382,static_reference,
44130,30.758119583129883,276.3772766113284,245.61915702819852,78585,static_reference,
44150,32.39648208618164,305.9203125,273.52383041381836,106647,static_reference,
44180,4.869397687911987,260.8559234619141,255.98652577400208,72110,static_reference,
44200,5.458284759521485,173.86599731445315,168.40771255493166,67083,static_reference,
44210,1.7401914834976198,127.54059448242178,125.80040299892416,91764,static_reference,
44230,6.874950408935547,228.52383422851562,221.64888381958008,68431,static_reference,
44250,108.6993423461914,376.0940063476563,267.3946640014649,7500,static_reference,
44270,2.4603356599807737,67.33532943725588,64.87499377727511,87630,static_reference,
44710,161.67894744873047,416.5829620361328,254.90401458740234,71180,static_reference,
44760,6.450968027114868,192.59656524658203,186.14559721946716,77076,static_reference,
44770,3.9021084547042846,112.28462066650391,108.38251221179962,45352,static_reference,
44790,35.379778289794935,266.97381896972655,231.59404067993162,59210,static_reference,
44800,12.166285514831543,131.9778289794922,119.81154346466064,54751,static_reference,
44810,10.583792877197265,201.598031616211,191.01423873901373,67099,static_reference,
44825,2.285444641113281,55.16478271484378,52.8793380737305,65974,static_reference,
47110,18.69010200500488,495.3631591796875,476.67305717468264,139923,static_reference,
47130,42.96648178100586,419.90821838378906,376.9417366027832,163060,static_reference,
47150,79.8368408203125,635.3369873046875,555.5001464843749,124139,static_reference,
47170,119.12674560546874,399.93283081054716,280.80608520507843,188689,static_reference,
47190,34.649169921875,281.60641479492193,246.95724487304693,75817,static_reference,
47210,157.85229034423827,759.3806091308595,601.5283187866212,83142,static_reference,
47230,92.29313659667969,459.27178955078125,366.97865295410156,113111,static_reference,
47250,66.74083404541015,463.27161254882816,396.530778503418,154643,static_reference,
47280,117.66426086425781,685.1804809570312,567.5162200927734,112981,static_reference,
47290,52.84665870666504,400.93202209472656,348.0853633880615,50786,static_reference,
47730,67.26341323852539,351.8173400878906,284.5539268493652,144478,static_reference,
47750,247.8084259033203,579.6415405273438,331.83311462402344,104641,static_reference,
47760,270.30103759765626,664.135809326172,393.8347717285157,101248,static_reference,
47770,36.81675262451174,446.52150878906247,409.7047561645507,92034,static_reference,
47820,101.06556701660156,538.3635864257812,437.2980194091797,85651,static_reference,
47830,20.11354179382324,241.98854370117198,221.87500190734875,47754,static_reference,
47840,47.38035697937012,522.0197631835939,474.6394062042238,75682,static_reference,
47850,37.36392250061035,449.6642761230468,412.3003536224365,55590,static_reference,
47900,75.71343460083008,470.12652587890636,394.4130912780763,82048,static_reference,
47920,274.8657653808594,877.5652343749999,602.6994689941405,148437,static_reference,
47930,45.741263961791994,671.6509155273437,625.9096515655517,122774,static_reference,
47940,72.37246704101562,642.2886840820313,569.9162170410157,9129,static_reference,
48120,5.765007495880127,336.6576843261719,330.89267683029175,92976,static_reference,
48170,25.337956428527832,175.25208282470706,149.91412639617923,88050,static_reference,
48220,8.30435028076172,185.34289093017577,177.03854064941405,30918,static_reference,
48240,8.538634777069092,227.67764739990255,219.13901262283346,49584,static_reference,
48250,2.502026629447937,294.17981262207036,291.67778599262243,57042,static_reference,
48270,9.120153331756592,529.9251464843752,520.8049931526186,98990,static_reference,
48310,12.48808937072754,266.183514404297,253.69542503356945,50359,static_reference,
48330,39.40321846008301,588.3592590332032,548.9560405731202,60134,static_reference,
48720,21.042383575439455,351.19535522460944,330.15297164917,59494,static_reference,
48730,9.69123420715332,266.044863891602,256.35362968444866,51358,static_reference,
48740,11.345351409912109,341.84721069335944,330.50185928344735,65487,static_reference,
48820,14.494972896575929,294.08625183105465,279.59127893447874,64230,static_reference,
48840,13.026784420013428,335.04060974121103,322.0138253211976,44708,static_reference,
48850,21.808703422546387,775.593017578125,753.7843141555786,83566,static_reference,
48860,101.32969589233399,790.9744934082031,689.6447975158691,97758,static_reference,
48870,201.30925750732422,948.6634338378907,747.3541763305665,88998,static_reference,
48880,261.1449279785156,856.9114379882812,595.7665100097656,98741,static_reference,
48890,52.60840835571289,532.7634948730469,480.155086517334,121518,static_reference,
50110,23.631129837036134,703.6489746093749,680.0178447723388,121349,static_reference,
50130,23.224510574340822,698.9061035156247,675.681592941284,108719,static_reference,
51110,100.03785705566406,534.6710510253906,434.63319396972656,137726,static_reference,
51130,100.7474136352539,621.6194458007812,520.8720321655273,107021,static_reference,
51150,22.607676315307618,828.9122375488281,806.3045612335205,128580,static_reference,
51170,18.33032341003418,658.3463378906253,640.016014480591,22385,static_reference,
51190,690.9857971191407,1137.0492065429685,446.0634094238278,37490,static_reference,
51210,12.282682418823244,918.7059936523438,906.4233112335205,13057,static_reference,
51230,84.75979614257812,914.47177734375,829.7119812011719,146787,static_reference,
51720,192.81329345703125,881.675048828125,688.8617553710938,224401,static_reference,
51730,189.42550659179688,709.7022705078125,520.2767639160156,123226,static_reference,
51750,262.31630859375,878.06845703125,615.7521484375,139214,static_reference,
51760,476.5063812255859,1039.6600585937501,563.1536773681642,180758,static_reference,
51770,433.0397644042969,1000.9548706054688,567.915106201172,150545,static_reference,
51780,191.48639068603515,646.5341491699219,455.0477584838867,109910,static_reference,
51790,199.13453674316406,759.4501342773438,560.3155975341797,112046,static_reference,
51800,243.17242736816405,799.8081115722657,556.6356842041016,81652,static_reference,
51810,340.165283203125,963.0508972167969,622.8856140136719,202710,static_reference,
51820,19.472813415527344,687.9360595703126,668.4632461547853,81605,static_reference,
51830,28.95948066711427,830.4387939453129,801.4793132781987,77878,static_reference,
52110,11.641586494445802,195.15705566406254,183.51546916961675,25367,static_reference,
52130,2.5200459957122803,36.782912445068376,34.262866449356096,51899,static_reference,
52140,4.580332279205322,72.65160675048836,68.07127447128303,62639,static_reference,
52180,7.559950828552246,305.7608795166017,298.20092868804943,86168,static_reference,
52190,96.44194793701172,786.0526733398438,689.610725402832,92643,static_reference,
52210,3.4239944696426394,101.16903228759769,97.74503781795505,67188,static_reference,
52710,34.356493377685545,414.72714843750003,380.3706550598145,101508,static_reference,
52720,281.7587554931641,639.8180969238282,358.0593414306641,97418,static_reference,
52730,272.706396484375,936.9169799804691,664.2105834960942,77787,static_reference,
52740,330.77586669921874,803.6520751953125,472.87620849609374,65677,static_reference,
52750,154.56202087402343,405.7738891601563,251.21186828613284,73668,static_reference,
52770,107.10473251342773,431.2201385498047,324.11540603637695,61716,static_reference,
52790,9.431552410125732,170.80137634277355,161.36982393264782,75582,static_reference,
52800,2.1291067600250244,173.69166564941406,171.56255888938904,65571,static_reference,
