region_id,annual_mean_temperature,annual_temperature_range,annual_precipitation,climate_station_ids,climate_station_names,climate_station_distances_km,climate_station_weights,climate_interpolation_method,annual_mean_temperature_source_type,annual_temperature_range_source_type,annual_precipitation_source_type,climate_source_period,climate_source_name,monthly_normals_file,annual_normals_file
11110,12.525,28.124,1319.875,"[""108"", ""419"", ""412""]","[""서울"", ""중구"", ""서대문""]","[1.757, 2.783, 3.907]","[0.624689, 0.248978, 0.126333]",nearest_3_inverse_distance_squared,proxy,proxy,proxy,1991-2020,KMA climate normals fileset,kma_climate_normals_1991_2020_monthly.xlsx,kma_climate_normals_1991_2020_annual.xlsx
11140,12.219,28.307,1220.202,"[""419"", ""108"", ""412""]","[""중구"", ""서울"", ""서대문""]","[1.351, 1.887, 3.982]","[0.61452, 0.314781, 0.0707]",nearest_3_inverse_distance_squared,proxy,proxy,proxy,1991-2020,KMA climate normals fileset,kma_climate_normals_1991_2020_monthly.xlsx,kma_climate_normals_1991_2020_annual.xlsx
11170,12.63,28.455,1189.975,"[""419"", ""415"", ""108""]","[""중구"", ""용산"", ""서울""]","[1.778, 2.091, 4.314]","[0.528224, 0.381994, 0.089782]",nearest_3_inverse_distance_squared,proxy,proxy,proxy,1991-2020,KMA climate normals fileset,kma_climate_normals_1991_2020_monthly.xlsx,kma_climate_normals_1991_2020_annual.xlsx
11200,13.687,27.632,1275.166,"[""421"", ""413"", ""408""]","[""성동"", ""광진"", ""동대문""]","[0.954, 3.488, 4.45]","[0.892226, 0.066754, 0.04102]",nearest_3_inverse_distance_squared,proxy,proxy,proxy,1991-2020,KMA climate normals fileset,kma_climate_normals_1991_2020_monthly.xlsx,kma_climate_normals_1991_2020_annual.xlsx
11215,13.541,27.862,1301.671,"[""413"", ""421"", ""400""]","[""광진"", ""성동"", ""강남""]","[1.446, 3.043, 4.794]","[0.759389, 0.171515, 0.069096]",nearest_3_inverse_distance_squared,proxy,proxy,proxy,1991-2020,KMA climate normals fileset,kma_climate_normals_1991_2020_monthly.xlsx,kma_climate_normals_1991_2020_annual.xlsx
11230,13.694,27.914,1352.941,"[""408"", ""409"", ""421""]","[""동대문"", ""중랑"", ""성동""]","[0.841, 3.157, 4.099]","[0.898461, 0.063739, 0.037799]",nearest_3_inverse_distance_squared,proxy,proxy,proxy,1991-2020,KMA climate normals fileset,kma_climate_normals_1991_2020_monthly.xlsx,kma_climate_normals_1991_2020_annual.xlsx
11260,13.286,28.304,1350.525,"[""409"", ""407"", ""408""]","[""중랑"", ""노원"", ""동대문""]","[1.479, 2.631, 3.141]","[0.650509, 0.205372, 0.144119]",nearest_3_inverse_distance_squared,proxy,proxy,proxy,1991-2020,KMA climate normals fileset,kma_climate_normals_1991_2020_monthly.xlsx,kma_climate_normals_1991_2020_annual.xlsx
11290,12.976,28.165,1387.191,"[""414"", ""408"", ""424""]","[""성북"", ""동대문"", ""강북""]","[2.358, 4.006, 4.826]","[0.630807, 0.218609, 0.150583]",nearest_3_inverse_distance_squared,proxy,proxy,proxy,1991-2020,KMA climate normals fileset,kma_climate_normals_1991_2020_monthly.xlsx,kma_climate_normals_1991_2020_annual.xlsx
11305,13.165,28.244,1405.308,"[""424"", ""414"", ""408""]","[""강북"", ""성북"", ""동대문""]","[2.736, 2.861, 4.705]","[0.444033, 0.40587, 0.150096]",nearest_3_inverse_distance_squared,proxy,proxy,proxy,1991-2020,KMA climate normals fileset,kma_climate_normals_1991_2020_monthly.xlsx,kma_climate_normals_1991_2020_annual.xlsx
11320,12.433,28.398,1470.902,"[""406"", ""424"", ""414""]","[""도봉"", ""강북"", ""성북""]","[0.639, 3.717, 6.668]","[0.962678, 0.028474, 0.008848]",nearest_3_inverse_distance_squared,proxy,proxy,proxy,1991-2020,KMA climate normals fileset,kma_climate_normals_1991_2020_monthly.xlsx,kma_climate_normals_1991_2020_annual.xlsx
11350,12.39,28.508,1406.574,"[""407"", ""406"", ""424""]","[""노원"", ""도봉"", ""강북""]","[3.018, 4.268, 5.129]","[0.541554, 0.270922, 0.187524]",nearest_3_inverse_distance_squared,proxy,proxy,proxy,1991-2020,KMA climate normals fileset,kma_climate_normals_1991_2020_monthly.xlsx,kma_climate_normals_1991_2020_annual.xlsx
11380,12.127,28.647,1193.959,"[""540"", ""416"", ""412""]","[""고양"", ""은평"", ""서대문""]","[3.259, 3.673, 5.636]","[0.471379, 0.371035, 0.157586]",nearest_3_inverse_distance_squared,proxy,proxy,proxy,1991-2020,KMA climate normals fileset,kma_climate_normals_1991_2020_monthly.xlsx,kma_climate_normals_1991_2020_annual.xlsx
11410,12.825,28.036,1262.188,"[""412"", ""411"", ""108""]","[""서대문"", ""마포"", ""서울""]","[1.033, 1.298, 2.805]","[0.565111, 0.358227, 0.076662]",nearest_3_inverse_distance_squared,proxy,proxy,proxy,1991-2020,KMA climate normals fileset,kma_climate_normals_1991_2020_monthly.xlsx,kma_climate_normals_1991_2020_annual.xlsx
11440,13.432,28.104,1268.338,"[""411"", ""412"", ""510""]","[""마포"", ""서대문"", ""영등포""]","[0.675, 2.38, 3.36]","[0.89232, 0.071695, 0.035985]",nearest_3_inverse_distance_squared,proxy,proxy,proxy,1991-2020,KMA climate normals fileset,kma_climate_normals_1991_2020_monthly.xlsx,kma_climate_normals_1991_2020_annual.xlsx
11470,13.7,28.488,1209.022,"[""405"", ""510"", ""410""]","[""양천"", ""영등포"", ""기상청""]","[0.543, 2.977, 5.43]","[0.958491, 0.031914, 0.009595]",nearest_3_inverse_distance_squared,proxy,proxy,proxy,1991-2020,KMA climate normals fileset,kma_climate_normals_1991_2020_monthly.xlsx,kma_climate_normals_1991_2020_annual.xlsx
11500,12.943,28.221,1226.799,"[""404"", ""405"", ""423""]","[""강서"", ""양천"", ""구로""]","[1.423, 5.648, 7.552]","[0.909906, 0.057781, 0.032313]",nearest_3_inverse_distance_squared,proxy,proxy,proxy,1991-2020,KMA climate normals fileset,kma_climate_normals_1991_2020_monthly.xlsx,kma_climate_normals_1991_2020_annual.xlsx
11530,13.573,28.083,1258.294,"[""437"", ""405"", ""410""]","[""광명"", ""양천"", ""기상청""]","[2.935, 3.021, 3.186]","[0.358129, 0.337931, 0.303939]",nearest_3_inverse_distance_squared,proxy,proxy,proxy,1991-2020,KMA climate normals fileset,kma_climate_normals_1991_2020_monthly.xlsx,kma_climate_normals_1991_2020_annual.xlsx
11545,13.48,27.62,1277.694,"[""417"", ""437"", ""410""]","[""금천"", ""광명"", ""기상청""]","[1.821, 1.929, 3.161]","[0.449919, 0.400791, 0.14929]",nearest_3_inverse_distance_squared,proxy,proxy,proxy,1991-2020,KMA climate normals fileset,kma_climate_normals_1991_2020_monthly.xlsx,kma_climate_normals_1991_2020_annual.xlsx
11560,13.742,28.324,1230.791,"[""510"", ""405"", ""410""]","[""영등포"", ""양천"", ""기상청""]","[1.105, 2.61, 2.862]","[0.752687, 0.135013, 0.1123]",nearest_3_inverse_distance_squared,proxy,proxy,proxy,1991-2020,KMA climate normals fileset,kma_climate_normals_1991_2020_monthly.xlsx,kma_climate_normals_1991_2020_annual.xlsx
11590,13.548,28.054,1254.671,"[""410"", ""415"", ""510""]","[""기상청"", ""용산"", ""영등포""]","[2.684, 3.271, 4.022]","[0.472034, 0.317732, 0.210234]",nearest_3_inverse_distance_squared,proxy,proxy,proxy,1991-2020,KMA climate normals fileset,kma_climate_normals_1991_2020_monthly.xlsx,kma_climate_normals_1991_2020_annual.xlsx
11620,13.324,27.559,1288.405,"[""410"", ""417"", ""425""]","[""기상청"", ""금천"", ""남현""]","[1.606, 3.287, 5.016]","[0.745714, 0.177893, 0.076393]",nearest_3_inverse_distance_squared,proxy,proxy,proxy,1991-2020,KMA climate normals fileset,kma_climate_normals_1991_2020_monthly.xlsx,kma_climate_normals_1991_2020_annual.xlsx
11650,13.482,28.306,1306.749,"[""401"", ""415"", ""425""]","[""서초"", ""용산"", ""남현""]","[2.317, 3.559, 4.654]","[0.59819, 0.253507, 0.148303]",nearest_3_inverse_distance_squared,proxy,proxy,proxy,1991-2020,KMA climate normals fileset,kma_climate_normals_1991_2020_monthly.xlsx,kma_climate_normals_1991_2020_annual.xlsx
11680,13.674,27.958,1294.326,"[""421"", ""401"", ""400""]","[""성동"", ""서초"", ""강남""]","[3.364, 3.806, 4.217]","[0.413649, 0.323134, 0.263217]",nearest_3_inverse_distance_squared,proxy,proxy,proxy,1991-2020,KMA climate normals fileset,kma_climate_normals_1991_2020_monthly.xlsx,kma_climate_normals_1991_2020_annual.xlsx
11710,13.61,27.97,1312.089,"[""400"", ""413"", ""403""]","[""강남"", ""광진"", ""송파""]","[2.477, 2.939, 4.517]","[0.497281, 0.353166, 0.149552]",nearest_3_inverse_distance_squared,proxy,proxy,proxy,1991-2020,KMA climate normals fileset,kma_climate_normals_1991_2020_monthly.xlsx,kma_climate_normals_1991_2020_annual.xlsx
11740,13.059,28.378,1326.301,"[""402"", ""413"", ""409""]","[""강동"", ""광진"", ""중랑""]","[2.007, 4.113, 6.336]","[0.747099, 0.177929, 0.074972]",nearest_3_inverse_distance_squared,proxy,proxy,proxy,1991-2020,KMA climate normals fileset,kma_climate_normals_1991_2020_monthly.xlsx,kma_climate_normals_1991_2020_annual.xlsx
12110,13.996,24.499,1169.654,"[""165"", ""261"", ""268""]","[""목포"", ""해남"", ""진도군""]","[2.741, 31.432, 37.428]","[0.987198, 0.007508, 0.005295]",nearest_3_inverse_distance_squared,proxy,proxy,proxy,1991-2020,KMA climate normals fileset,kma_climate_normals_1991_2020_monthly.xlsx,kma_climate_normals_1991_2020_annual.xlsx
12130,14.598,23.203,1450.602,"[""168"", ""295"", ""262""]","[""여수"", ""남해"", ""고흥""]","[1.133, 20.043, 43.507]","[0.996143, 0.003181, 0.000675]",nearest_3_inverse_distance_squared,proxy,proxy,proxy,1991-2020,KMA climate normals fileset,kma_climate_normals_1991_2020_monthly.xlsx,kma_climate_normals_1991_2020_annual.xlsx
12150,14.275,23.606,1576.688,"[""168"", ""262"", ""295""]","[""여수"", ""고흥"", ""남해""]","[32.129, 41.745, 41.851]","[0.458349, 0.271511, 0.27014]",nearest_3_inverse_distance_squared,proxy,proxy,proxy,1991-2020,KMA climate normals fileset,kma_climate_normals_1991_2020_monthly.xlsx,kma_climate_normals_1991_2020_annual.xlsx
12170,13.68,25.967,1324.235,"[""156"", ""252"", ""172""]","[""광주"", ""영광군"", ""고창""]","[23.167, 36.154, 37.693]","[0.559173, 0.229595, 0.211233]",nearest_3_inverse_distance_squared,proxy,proxy,proxy,1991-2020,KMA climate normals fileset,kma_climate_normals_1991_2020_monthly.xlsx,kma_climate_normals_1991_2020_annual.xlsx
12190,14.264,23.871,1621.736,"[""168"", ""295"", ""192""]","[""여수"", ""남해"", ""진주""]","[28.826, 33.943, 44.598]","[0.467515, 0.337171, 0.195314]",nearest_3_inverse_distance_squared,proxy,proxy,proxy,1991-2020,KMA climate normals fileset,kma_climate_normals_1991_2020_monthly.xlsx,kma_climate_normals_1991_2020_annual.xlsx
12210,14.073,25.535,1380.323,"[""156"", ""254"", ""172""]","[""광주"", ""순창군"", ""고창""]","[3.687, 31.233, 36.577]","[0.976465, 0.013611, 0.009924]",nearest_3_inverse_distance_squared,proxy,proxy,proxy,1991-2020,KMA climate normals fileset,kma_climate_normals_1991_2020_monthly.xlsx,kma_climate_normals_1991_2020_annual.xlsx
12240,14.069,25.539,1379.395,"[""156"", ""172"", ""254""]","[""광주"", ""고창"", ""순창군""]","[4.06, 31.978, 34.827]","[0.971142, 0.015658, 0.0132]",nearest_3_inverse_distance_squared,proxy,proxy,proxy,1991-2020,KMA climate normals fileset,kma_climate_normals_1991_2020_monthly.xlsx,kma_climate_normals_1991_2020_annual.xlsx
12270,14.068,25.542,1380.103,"[""156"", ""254"", ""172""]","[""광주"", ""순창군"", ""고창""]","[4.195, 32.7, 36.606]","[0.97126, 0.015985, 0.012755]",nearest_3_inverse_distance_squared,proxy,proxy,proxy,1991-2020,KMA climate normals fileset,kma_climate_normals_1991_2020_monthly.xlsx,kma_climate_normals_1991_2020_annual.xlsx
12300,14.093,25.509,1380.516,"[""156"", ""254"", ""172""]","[""광주"", ""순창군"", ""고창""]","[1.679, 29.145, 33.384]","[0.994186, 0.0033, 0.002515]",nearest_3_inverse_distance_squared,proxy,proxy,proxy,1991-2020,KMA climate normals fileset,kma_climate_normals_1991_2020_monthly.xlsx,kma_climate_normals_1991_2020_annual.xlsx
12330,14.007,25.599,1367.288,"[""156"", ""172"", ""252""]","[""광주"", ""고창"", ""영광군""]","[6.855, 26.652, 32.707]","[0.900825, 0.0596, 0.039574]",nearest_3_inverse_distance_squared,proxy,proxy,proxy,1991-2020,KMA climate normals fileset,kma_climate_normals_1991_2020_monthly.xlsx,kma_climate_normals_1991_2020_annual.xlsx
12710,13.283,26.704,1425.551,"[""254"", ""156"", ""245""]","[""순창군"", ""광주"", ""정읍""]","[14.182, 18.511, 30.024]","[0.552458, 0.324278, 0.123264]",nearest_3_inverse_distance_squared,proxy,proxy,proxy,1991-2020,KMA climate normals fileset,kma_climate_normals_1991_2020_monthly.xlsx,kma_climate_normals_1991_2020_annual.xlsx
12720,12.496,27.07,1403.431,"[""247"", ""254"", ""244""]","[""남원"", ""순창군"", ""임실""]","[18.935, 19.338, 38.096]","[0.453345, 0.434653, 0.112002]",nearest_3_inverse_distance_squared,proxy,proxy,proxy,1991-2020,KMA climate normals fileset,kma_climate_normals_1991_2020_monthly.xlsx,kma_climate_normals_1991_2020_annual.xlsx
12730,12.626,26.693,1375.448,"[""247"", ""254"", ""264""]","[""남원"", ""순창군"", ""함양군""]","[22.493, 35.697, 39.171]","[0.579125, 0.229922, 0.190952]",nearest_3_inverse_distance_squared,proxy,proxy,proxy,1991-2020,KMA climate normals fileset,kma_climate_normals_1991_2020_monthly.xlsx,kma_climate_normals_1991_2020_annual.xlsx
12740,13.722,24.083,1450.465,"[""262"", ""260"", ""168""]","[""고흥"", ""장흥"", ""여수""]","[9.917, 41.194, 43.219]","[0.900411, 0.052182, 0.047407]",nearest_3_inverse_distance_squared,proxy,proxy,proxy,1991-2020,KMA climate normals fileset,kma_climate_normals_1991_2020_monthly.xlsx,kma_climate_normals_1991_2020_annual.xlsx
12750,13.544,24.505,1457.833,"[""260"", ""262"", ""259""]","[""장흥"", ""고흥"", ""강진군""]","[20.577, 21.03, 33.901]","[0.429956, 0.411632, 0.158412]",nearest_3_inverse_distance_squared,proxy,proxy,proxy,1991-2020,KMA climate normals fileset,kma_climate_normals_1991_2020_monthly.xlsx,kma_climate_normals_1991_2020_annual.xlsx
12760,13.827,25.667,1404.16,"[""156"", ""254"", ""260""]","[""광주"", ""순창군"", ""장흥""]","[16.267, 37.908, 40.657]","[0.743919, 0.136992, 0.119089]",nearest_3_inverse_distance_squared,proxy,proxy,proxy,1991-2020,KMA climate normals fileset,kma_climate_normals_1991_2020_monthly.xlsx,kma_climate_normals_1991_2020_annual.xlsx
12770,13.331,24.641,1468.669,"[""260"", ""259"", ""261""]","[""장흥"", ""강진군"", ""해남""]","[2.951, 11.72, 33.512]","[0.933586, 0.059176, 0.007238]",nearest_3_inverse_distance_squared,proxy,proxy,proxy,1991-2020,KMA climate normals fileset,kma_climate_normals_1991_2020_monthly.xlsx,kma_climate_normals_1991_2020_annual.xlsx
12780,13.795,25.291,1441.681,"[""259"", ""260"", ""261""]","[""강진군"", ""장흥"", ""해남""]","[1.35, 14.676, 20.782]","[0.987469, 0.008361, 0.004169]",nearest_3_inverse_distance_squared,proxy,proxy,proxy,1991-2020,KMA climate normals fileset,kma_climate_normals_1991_2020_monthly.xlsx,kma_climate_normals_1991_2020_annual.xlsx
12790,13.597,24.497,1315.413,"[""261"", ""170"", ""259""]","[""해남"", ""완도"", ""강진군""]","[5.751, 16.423, 24.608]","[0.849455, 0.104153, 0.046392]",nearest_3_inverse_distance_squared,proxy,proxy,proxy,1991-2020,KMA climate normals fileset,kma_climate_normals_1991_2020_monthly.xlsx,kma_climate_normals_1991_2020_annual.xlsx
12800,13.784,24.856,1311.145,"[""259"", ""165"", ""261""]","[""강진군"", ""목포"", ""해남""]","[20.331, 23.013, 25.185]","[0.411147, 0.32091, 0.267943]",nearest_3_inverse_distance_squared,proxy,proxy,proxy,1991-2020,KMA climate normals fileset,kma_climate_normals_1991_2020_monthly.xlsx,kma_climate_normals_1991_2020_annual.xlsx
12810,13.964,24.542,1186.355,"[""165"", ""261"", ""259""]","[""목포"", ""해남"", ""강진군""]","[8.304, 34.028, 36.89]","[0.900719, 0.05364, 0.04564]",nearest_3_inverse_distance_squared,proxy,proxy,proxy,1991-2020,KMA climate normals fileset,kma_climate_normals_1991_2020_monthly.xlsx,kma_climate_normals_1991_2020_annual.xlsx
12820,13.372,26.041,1233.919,"[""252"", ""165"", ""172""]","[""영광군"", ""목포"", ""고창""]","[23.867, 31.081, 31.495]","[0.462125, 0.272495, 0.26538]",nearest_3_inverse_distance_squared,proxy,proxy,proxy,1991-2020,KMA climate normals fileset,kma_climate_normals_1991_2020_monthly.xlsx,kma_climate_normals_1991_2020_annual.xlsx
12830,13.113,26.763,1275.54,"[""252"", ""172"", ""156""]","[""영광군"", ""고창"", ""광주""]","[3.692, 15.003, 43.129]","[0.936444, 0.056696, 0.00686]",nearest_3_inverse_distance_squared,proxy,proxy,proxy,1991-2020,KMA climate normals fileset,kma_climate_normals_1991_2020_monthly.xlsx,kma_climate_normals_1991_2020_annual.xlsx
12840,13.547,26.06,1296.832,"[""172"", ""156"", ""252""]","[""고창"", ""광주"", ""영광군""]","[17.243, 17.788, 27.68]","[0.429594, 0.403698, 0.166708]",nearest_3_inverse_distance_squared,proxy,proxy,proxy,1991-2020,KMA climate normals fileset,kma_climate_normals_1991_2020_monthly.xlsx,kma_climate_normals_1991_2020_annual.xlsx
12850,14.201,23.535,1504.614,"[""170"", ""261"", ""259""]","[""완도"", ""해남"", ""강진군""]","[9.873, 31.161, 36.643]","[0.852528, 0.085582, 0.06189]",nearest_3_inverse_distance_squared,proxy,proxy,proxy,1991-2020,KMA climate normals fileset,kma_climate_normals_1991_2020_monthly.xlsx,kma_climate_normals_1991_2020_annual.xlsx
12860,13.899,24.199,1374.661,"[""268"", ""261"", ""170""]","[""진도군"", ""해남"", ""완도""]","[2.464, 30.291, 40.722]","[0.989828, 0.006549, 0.003624]",nearest_3_inverse_distance_squared,proxy,proxy,proxy,1991-2020,KMA climate normals fileset,kma_climate_normals_1991_2020_monthly.xlsx,kma_climate_normals_1991_2020_annual.xlsx
12870,13.908,24.451,1227.864,"[""165"", ""268"", ""261""]","[""목포"", ""진도군"", ""해남""]","[24.721, 43.138, 52.628]","[0.645564, 0.211999, 0.142437]",nearest_3_inverse_distance_squared,proxy,proxy,proxy,1991-2020,KMA climate normals fileset,kma_climate_normals_1991_2020_monthly.xlsx,kma_climate_normals_1991_2020_annual.xlsx
26110,15.0,22.504,1576.437,"[""159"", ""253"", ""257""]","[""부산"", ""김해시"", ""양산시""]","[0.61, 19.382, 23.175]","[0.998318, 0.00099, 0.000692]",nearest_3_inverse_distance_squared,proxy,proxy,proxy,1991-2020,KMA climate normals fileset,kma_climate_normals_1991_2020_monthly.xlsx,kma_climate_normals_1991_2020_annual.xlsx
26140,15.0,22.553,1573.547,"[""159"", ""253"", ""257""]","[""부산"", ""김해시"", ""양산시""]","[2.171, 19.563, 24.352]","[0.980137, 0.012072, 0.007791]",nearest_3_inverse_distance_squared,proxy,proxy,proxy,1991-2020,KMA climate normals fileset,kma_climate_normals_1991_2020_monthly.xlsx,kma_climate_normals_1991_2020_annual.xlsx
26170,15.0,22.574,1572.454,"[""159"", ""253"", ""257""]","[""부산"", ""김해시"", ""양산시""]","[2.319, 18.402, 20.672]","[0.972313, 0.015447, 0.01224]",nearest_3_inverse_distance_squared,proxy,proxy,proxy,1991-2020,KMA climate normals fileset,kma_climate_normals_1991_2020_monthly.xlsx,kma_climate_normals_1991_2020_annual.xlsx
26200,15.0,22.604,1570.683,"[""159"", ""253"", ""257""]","[""부산"", ""김해시"", ""양산시""]","[3.368, 22.292, 25.148]","[0.960827, 0.021936, 0.017237]",nearest_3_inverse_distance_squared,proxy,proxy,proxy,1991-2020,KMA climate normals fileset,kma_climate_normals_1991_2020_monthly.xlsx,kma_climate_normals_1991_2020_annual.xlsx
26230,15.0,23.057,1545.871,"[""159"", ""257"", ""253""]","[""부산"", ""양산시"", ""김해시""]","[6.262, 17.1, 17.24]","[0.789868, 0.105922, 0.10421]",nearest_3_inverse_distance_squared,proxy,proxy,proxy,1991-2020,KMA climate normals fileset,kma_climate_normals_1991_2020_monthly.xlsx,kma_climate_normals_1991_2020_annual.xlsx
26260,14.978,24.138,1497.076,"[""257"", ""159"", ""253""]","[""양산시"", ""부산"", ""김해시""]","[12.054, 12.753, 17.527]","[0.422599, 0.377533, 0.199868]",nearest_3_inverse_distance_squared,proxy,proxy,proxy,1991-2020,KMA climate normals fileset,kma_climate_normals_1991_2020_monthly.xlsx,kma_climate_normals_1991_2020_annual.xlsx
26290,14.999,22.947,1552.316,"[""159"", ""257"", ""253""]","[""부산"", ""양산시"", ""김해시""]","[6.838, 20.972, 22.004]","[0.831337, 0.088379, 0.080285]",nearest_3_inverse_distance_squared,proxy,proxy,proxy,1991-2020,KMA climate normals fileset,kma_climate_normals_1991_2020_monthly.xlsx,kma_climate_normals_1991_2020_annual.xlsx
26320,14.997,24.478,1468.379,"[""257"", ""253"", ""159""]","[""양산시"", ""김해시"", ""부산""]","[10.197, 10.611, 12.633]","[0.388367, 0.358626, 0.253008]",nearest_3_inverse_distance_squared,proxy,proxy,proxy,1991-2020,KMA climate normals fileset,kma_climate_normals_1991_2020_monthly.xlsx,kma_climate_normals_1991_2020_annual.xlsx
26350,14.991,23.603,1520.276,"[""159"", ""257"", ""253""]","[""부산"", ""양산시"", ""김해시""]","[13.335, 20.101, 25.296]","[0.582066, 0.256173, 0.161761]",nearest_3_inverse_distance_squared,proxy,proxy,proxy,1991-2020,KMA climate normals fileset,kma_climate_normals_1991_2020_monthly.xlsx,kma_climate_normals_1991_2020_annual.xlsx
26380,15.006,22.931,1549.797,"[""159"", ""253"", ""257""]","[""부산"", ""김해시"", ""양산시""]","[5.853, 16.158, 23.659]","[0.838624, 0.110046, 0.05133]",nearest_3_inverse_distance_squared,proxy,proxy,proxy,1991-2020,KMA climate normals fileset,kma_climate_normals_1991_2020_monthly.xlsx,kma_climate_normals_1991_2020_annual.xlsx
26410,14.953,24.596,1484.028,"[""257"", ""159"", ""253""]","[""양산시"", ""부산"", ""김해시""]","[9.256, 16.443, 17.994]","[0.632318, 0.200367, 0.167315]",nearest_3_inverse_distance_squared,proxy,proxy,proxy,1991-2020,KMA climate normals fileset,kma_climate_normals_1991_2020_monthly.xlsx,kma_climate_normals_1991_2020_annual.xlsx
26440,15.025,23.77,1493.627,"[""159"", ""253"", ""257""]","[""부산"", ""김해시"", ""양산시""]","[11.646, 14.061, 24.976]","[0.525377, 0.360397, 0.114225]",nearest_3_inverse_distance_squared,proxy,proxy,proxy,1991-2020,KMA climate normals fileset,kma_climate_normals_1991_2020_monthly.xlsx,kma_climate_normals_1991_2020_annual.xlsx
26470,14.991,23.668,1516.503,"[""159"", ""257"", ""253""]","[""부산"", ""양산시"", ""김해시""]","[10.126, 14.624, 18.05]","[0.557379, 0.267215, 0.175406]",nearest_3_inverse_distance_squared,proxy,proxy,proxy,1991-2020,KMA climate normals fileset,kma_climate_normals_1991_2020_monthly.xlsx,kma_climate_normals_1991_2020_annual.xlsx
26500,14.995,23.304,1534.385,"[""159"", ""257"", ""253""]","[""부산"", ""양산시"", ""김해시""]","[9.551, 19.06, 22.15]","[0.695872, 0.174742, 0.129386]",nearest_3_inverse_distance_squared,proxy,proxy,proxy,1991-2020,KMA climate normals fileset,kma_climate_normals_1991_2020_monthly.xlsx,kma_climate_normals_1991_2020_annual.xlsx
26530,15.016,23.659,1503.975,"[""159"", ""253"", ""257""]","[""부산"", ""김해시"", ""양산시""]","[8.016, 11.023, 16.392]","[0.565627, 0.299111, 0.135262]",nearest_3_inverse_distance_squared,proxy,proxy,proxy,1991-2020,KMA climate normals fileset,kma_climate_normals_1991_2020_monthly.xlsx,kma_climate_normals_1991_2020_annual.xlsx
26710,14.977,24.135,1497.619,"[""257"", ""159"", ""253""]","[""양산시"", ""부산"", ""김해시""]","[19.836, 21.021, 29.231]","[0.425374, 0.37875, 0.195876]",nearest_3_inverse_distance_squared,proxy,proxy,proxy,1991-2020,KMA climate normals fileset,kma_climate_normals_1991_2020_monthly.xlsx,kma_climate_normals_1991_2020_annual.xlsx
27110,13.102,25.883,1130.454,"[""281"", ""279"", ""288""]","[""영천"", ""구미"", ""밀양""]","[34.333, 38.218, 43.992]","[0.413891, 0.33402, 0.252089]",nearest_3_inverse_distance_squared,proxy,proxy,proxy,1991-2020,KMA climate normals fileset,kma_climate_normals_1991_2020_monthly.xlsx,kma_climate_normals_1991_2020_annual.xlsx
27140,13.054,25.874,1123.161,"[""281"", ""279"", ""288""]","[""영천"", ""구미"", ""밀양""]","[29.562, 38.87, 45.808]","[0.50127, 0.289957, 0.208772]",nearest_3_inverse_distance_squared,proxy,proxy,proxy,1991-2020,KMA climate normals fileset,kma_climate_normals_1991_2020_monthly.xlsx,kma_climate_normals_1991_2020_annual.xlsx
27170,13.115,25.905,1131.368,"[""279"", ""281"", ""288""]","[""구미"", ""영천"", ""밀양""]","[36.218, 37.217, 45.132]","[0.385951, 0.365505, 0.248544]",nearest_3_inverse_distance_squared,proxy,proxy,proxy,1991-2020,KMA climate normals fileset,kma_climate_normals_1991_2020_monthly.xlsx,kma_climate_normals_1991_2020_annual.xlsx
27200,13.14,25.867,1137.5,"[""281"", ""279"", ""288""]","[""영천"", ""구미"", ""밀양""]","[37.034, 40.177, 41.103]","[0.375734, 0.319241, 0.305025]",nearest_3_inverse_distance_squared,proxy,proxy,proxy,1991-2020,KMA climate normals fileset,kma_climate_normals_1991_2020_monthly.xlsx,kma_climate_normals_1991_2020_annual.xlsx
27230,13.076,25.912,1124.639,"[""281"", ""279"", ""288""]","[""영천"", ""구미"", ""밀양""]","[33.423, 34.903, 48.057]","[0.416539, 0.381976, 0.201485]",nearest_3_inverse_distance_squared,proxy,proxy,proxy,1991-2020,KMA climate normals fileset,kma_climate_normals_1991_2020_monthly.xlsx,kma_climate_normals_1991_2020_annual.xlsx
27260,13.115,25.848,1134.499,"[""281"", ""288"", ""279""]","[""영천"", ""밀양"", ""구미""]","[32.943, 40.3, 42.357]","[0.439924, 0.293968, 0.266108]",nearest_3_inverse_distance_squared,proxy,proxy,proxy,1991-2020,KMA climate normals fileset,kma_climate_normals_1991_2020_monthly.xlsx,kma_climate_normals_1991_2020_annual.xlsx
27290,13.148,25.891,1137.562,"[""279"", ""281"", ""288""]","[""구미"", ""영천"", ""밀양""]","[37.952, 40.414, 42.796]","[0.374778, 0.330496, 0.294727]",nearest_3_inverse_distance_squared,proxy,proxy,proxy,1991-2020,KMA climate normals fileset,kma_climate_normals_1991_2020_monthly.xlsx,kma_climate_normals_1991_2020_annual.xlsx
27710,13.311,25.837,1221.316,"[""285"", ""288"", ""279""]","[""합천"", ""밀양"", ""구미""]","[35.825, 38.178, 43.549]","[0.391032, 0.344332, 0.264636]",nearest_3_inverse_distance_squared,proxy,proxy,proxy,1991-2020,KMA climate normals fileset,kma_climate_normals_1991_2020_monthly.xlsx,kma_climate_normals_1991_2020_annual.xlsx
27720,12.402,26.861,1063.715,"[""278"", ""279"", ""281""]","[""의성"", ""구미"", ""영천""]","[26.056, 30.11, 31.14]","[0.408331, 0.305787, 0.285882]",nearest_3_inverse_distance_squared,proxy,proxy,proxy,1991-2020,KMA climate normals fileset,kma_climate_normals_1991_2020_monthly.xlsx,kma_climate_normals_1991_2020_annual.xlsx
28125,12.502,27.105,1207.014,"[""112"", ""512"", ""433""]","[""인천"", ""인천연수"", ""부천""]","[0.521, 9.293, 12.888]","[0.995243, 0.00313, 0.001627]",nearest_3_inverse_distance_squared,proxy,proxy,proxy,1991-2020,KMA climate normals fileset,kma_climate_normals_1991_2020_monthly.xlsx,kma_climate_normals_1991_2020_annual.xlsx
28155,12.364,27.571,1180.02,"[""112"", ""512"", ""201""]","[""인천"", ""인천연수"", ""강화""]","[17.426, 21.663, 27.807]","[0.490254, 0.317219, 0.192527]",nearest_3_inverse_distance_squared,proxy,proxy,proxy,1991-2020,KMA climate normals fileset,kma_climate_normals_1991_2020_monthly.xlsx,kma_climate_normals_1991_2020_annual.xlsx
28177,12.741,27.615,1161.913,"[""112"", ""512"", ""433""]","[""인천"", ""인천연수"", ""부천""]","[5.51, 6.201, 9.367]","[0.468303, 0.369658, 0.162039]",nearest_3_inverse_distance_squared,proxy,proxy,proxy,1991-2020,KMA climate normals fileset,kma_climate_normals_1991_2020_monthly.xlsx,kma_climate_normals_1991_2020_annual.xlsx
28185,12.799,28.085,1087.899,"[""512"", ""112"", ""433""]","[""인천연수"", ""인천"", ""부천""]","[1.28, 10.628, 15.813]","[0.979393, 0.014194, 0.006412]",nearest_3_inverse_distance_squared,proxy,proxy,proxy,1991-2020,KMA climate normals fileset,kma_climate_normals_1991_2020_monthly.xlsx,kma_climate_normals_1991_2020_annual.xlsx
28200,12.94,27.824,1164.381,"[""433"", ""512"", ""112""]","[""부천"", ""인천연수"", ""인천""]","[6.99, 7.734, 9.378]","[0.421497, 0.344319, 0.234184]",nearest_3_inverse_distance_squared,proxy,proxy,proxy,1991-2020,KMA climate normals fileset,kma_climate_normals_1991_2020_monthly.xlsx,kma_climate_normals_1991_2020_annual.xlsx
28237,13.137,27.921,1211.731,"[""433"", ""112"", ""423""]","[""부천"", ""인천"", ""구로""]","[3.659, 8.841, 9.114]","[0.75049, 0.128556, 0.120954]",nearest_3_inverse_distance_squared,proxy,proxy,proxy,1991-2020,KMA climate normals fileset,kma_climate_normals_1991_2020_monthly.xlsx,kma_climate_normals_1991_2020_annual.xlsx
28245,12.815,28.388,1196.178,"[""433"", ""441"", ""404""]","[""부천"", ""김포"", ""강서""]","[5.735, 7.638, 9.458]","[0.517702, 0.291934, 0.190365]",nearest_3_inverse_distance_squared,proxy,proxy,proxy,1991-2020,KMA climate normals fileset,kma_climate_normals_1991_2020_monthly.xlsx,kma_climate_normals_1991_2020_annual.xlsx
28275,12.626,27.297,1196.91,"[""112"", ""433"", ""512""]","[""인천"", ""부천"", ""인천연수""]","[4.11, 10.274, 12.642]","[0.790077, 0.126427, 0.083495]",nearest_3_inverse_distance_squared,proxy,proxy,proxy,1991-2020,KMA climate normals fileset,kma_climate_normals_1991_2020_monthly.xlsx,kma_climate_normals_1991_2020_annual.xlsx
28290,12.351,28.457,1181.082,"[""441"", ""433"", ""112""]","[""김포"", ""부천"", ""인천""]","[8.534, 13.318, 13.345]","[0.549604, 0.225649, 0.224747]",nearest_3_inverse_distance_squared,proxy,proxy,proxy,1991-2020,KMA climate normals fileset,kma_climate_normals_1991_2020_monthly.xlsx,kma_climate_normals_1991_2020_annual.xlsx
28710,11.321,27.905,1264.367,"[""201"", ""112"", ""441""]","[""강화"", ""인천"", ""김포""]","[2.97, 27.144, 28.216]","[0.977467, 0.011703, 0.01083]",nearest_3_inverse_distance_squared,proxy,proxy,proxy,1991-2020,KMA climate normals fileset,kma_climate_normals_1991_2020_monthly.xlsx,kma_climate_normals_1991_2020_annual.xlsx
28720,12.427,27.908,1132.057,"[""512"", ""112"", ""545""]","[""인천연수"", ""인천"", ""안산""]","[29.843, 33.044, 41.24]","[0.427474, 0.34867, 0.223855]",nearest_3_inverse_distance_squared,proxy,proxy,proxy,1991-2020,KMA climate normals fileset,kma_climate_normals_1991_2020_monthly.xlsx,kma_climate_normals_1991_2020_annual.xlsx
30110,12.879,27.037,1343.223,"[""133"", ""238"", ""226""]","[""대전"", ""금산"", ""보은""]","[8.041, 25.649, 30.659]","[0.856841, 0.084218, 0.058942]",nearest_3_inverse_distance_squared,proxy,proxy,proxy,1991-2020,KMA climate normals fileset,kma_climate_normals_1991_2020_monthly.xlsx,kma_climate_normals_1991_2020_annual.xlsx
30140,12.928,27.03,1344.757,"[""133"", ""238"", ""226""]","[""대전"", ""금산"", ""보은""]","[7.113, 24.727, 33.341]","[0.886311, 0.073346, 0.040343]",nearest_3_inverse_distance_squared,proxy,proxy,proxy,1991-2020,KMA climate normals fileset,kma_climate_normals_1991_2020_monthly.xlsx,kma_climate_normals_1991_2020_annual.xlsx
30170,13.092,27.006,1350.181,"[""133"", ""238"", ""131""]","[""대전"", ""금산"", ""청주""]","[2.344, 28.879, 32.476]","[0.98834, 0.006511, 0.005149]",nearest_3_inverse_distance_squared,proxy,proxy,proxy,1991-2020,KMA climate normals fileset,kma_climate_normals_1991_2020_monthly.xlsx,kma_climate_normals_1991_2020_annual.xlsx
30200,13.096,27.004,1350.539,"[""133"", ""131"", ""238""]","[""대전"", ""청주"", ""금산""]","[1.878, 30.444, 32.153]","[0.992836, 0.003778, 0.003387]",nearest_3_inverse_distance_squared,proxy,proxy,proxy,1991-2020,KMA climate normals fileset,kma_climate_normals_1991_2020_monthly.xlsx,kma_climate_normals_1991_2020_annual.xlsx
30230,13.03,27.033,1345.192,"[""133"", ""226"", ""131""]","[""대전"", ""보은"", ""청주""]","[5.862, 29.435, 29.589]","[0.926871, 0.036756, 0.036373]",nearest_3_inverse_distance_squared,proxy,proxy,proxy,1991-2020,KMA climate normals fileset,kma_climate_normals_1991_2020_monthly.xlsx,kma_climate_normals_1991_2020_annual.xlsx
31110,14.394,23.627,1292.12,"[""152"", ""283"", ""257""]","[""울산"", ""경주시"", ""양산시""]","[2.97, 30.796, 38.989]","[0.985117, 0.009165, 0.005718]",nearest_3_inverse_distance_squared,proxy,proxy,proxy,1991-2020,KMA climate normals fileset,kma_climate_normals_1991_2020_monthly.xlsx,kma_climate_normals_1991_2020_annual.xlsx
31140,14.387,23.665,1292.029,"[""152"", ""283"", ""257""]","[""울산"", ""경주시"", ""양산시""]","[4.876, 33.168, 38.175]","[0.963459, 0.020822, 0.015719]",nearest_3_inverse_distance_squared,proxy,proxy,proxy,1991-2020,KMA climate normals fileset,kma_climate_normals_1991_2020_monthly.xlsx,kma_climate_normals_1991_2020_annual.xlsx
31170,14.356,23.873,1292.876,"[""152"", ""283"", ""257""]","[""울산"", ""경주시"", ""양산시""]","[12.68, 41.02, 42.843]","[0.845211, 0.080758, 0.074031]",nearest_3_inverse_distance_squared,proxy,proxy,proxy,1991-2020,KMA climate normals fileset,kma_climate_normals_1991_2020_monthly.xlsx,kma_climate_normals_1991_2020_annual.xlsx
31200,14.389,23.637,1291.24,"[""152"", ""283"", ""257""]","[""울산"", ""경주시"", ""양산시""]","[3.407, 28.359, 45.142]","[0.98027, 0.014147, 0.005583]",nearest_3_inverse_distance_squared,proxy,proxy,proxy,1991-2020,KMA climate normals fileset,kma_climate_normals_1991_2020_monthly.xlsx,kma_climate_normals_1991_2020_annual.xlsx
31710,14.316,24.11,1292.481,"[""152"", ""283"", ""257""]","[""울산"", ""경주시"", ""양산시""]","[13.674, 29.511, 31.199]","[0.710853, 0.152607, 0.136541]",nearest_3_inverse_distance_squared,proxy,proxy,proxy,1991-2020,KMA climate normals fileset,kma_climate_normals_1991_2020_monthly.xlsx,kma_climate_normals_1991_2020_annual.xlsx
36110,12.885,27.357,1284.624,"[""133"", ""131"", ""232""]","[""대전"", ""청주"", ""천안""]","[18.225, 21.175, 28.021]","[0.462143, 0.342353, 0.195504]",nearest_3_inverse_distance_squared,proxy,proxy,proxy,1991-2020,KMA climate normals fileset,kma_climate_normals_1991_2020_monthly.xlsx,kma_climate_normals_1991_2020_annual.xlsx
41110,12.482,28.066,1320.056,"[""119"", ""445"", ""438""]","[""수원"", ""의왕"", ""군포""]","[2.737, 8.185, 11.418]","[0.855278, 0.095595, 0.049128]",nearest_3_inverse_distance_squared,proxy,proxy,proxy,1991-2020,KMA climate normals fileset,kma_climate_normals_1991_2020_monthly.xlsx,kma_climate_normals_1991_2020_annual.xlsx
41130,13.769,27.956,1304.141,"[""403"", ""400"", ""401""]","[""송파"", ""강남"", ""서초""]","[9.116, 12.071, 12.846]","[0.482189, 0.274981, 0.24283]",nearest_3_inverse_distance_squared,proxy,proxy,proxy,1991-2020,KMA climate normals fileset,kma_climate_normals_1991_2020_monthly.xlsx,kma_climate_normals_1991_2020_annual.xlsx
41150,11.768,28.681,1456.557,"[""532"", ""406"", ""424""]","[""의정부"", ""도봉"", ""강북""]","[1.795, 8.411, 11.873]","[0.935984, 0.042625, 0.021391]",nearest_3_inverse_distance_squared,proxy,proxy,proxy,1991-2020,KMA climate normals fileset,kma_climate_normals_1991_2020_monthly.xlsx,kma_climate_normals_1991_2020_annual.xlsx
41170,13.088,27.796,1296.477,"[""434"", ""438"", ""445""]","[""안양"", ""군포"", ""의왕""]","[0.7, 3.468, 5.293]","[0.944894, 0.038556, 0.01655]",nearest_3_inverse_distance_squared,proxy,proxy,proxy,1991-2020,KMA climate normals fileset,kma_climate_normals_1991_2020_monthly.xlsx,kma_climate_normals_1991_2020_annual.xlsx
41190,13.272,28.022,1210.27,"[""433"", ""423"", ""437""]","[""부천"", ""구로"", ""광명""]","[1.219, 4.474, 8.239]","[0.912294, 0.067734, 0.019972]",nearest_3_inverse_distance_squared,proxy,proxy,proxy,1991-2020,KMA climate normals fileset,kma_climate_normals_1991_2020_monthly.xlsx,kma_climate_normals_1991_2020_annual.xlsx
41210,13.462,27.53,1275.521,"[""417"", ""437"", ""410""]","[""금천"", ""광명"", ""기상청""]","[3.203, 4.319, 6.636]","[0.560829, 0.30848, 0.130691]",nearest_3_inverse_distance_squared,proxy,proxy,proxy,1991-2020,KMA climate normals fileset,kma_climate_normals_1991_2020_monthly.xlsx,kma_climate_normals_1991_2020_annual.xlsx
41220,12.42,28.275,1223.747,"[""516"", ""119"", ""232""]","[""안성"", ""수원"", ""천안""]","[16.965, 30.375, 33.815]","[0.639538, 0.19949, 0.160972]",nearest_3_inverse_distance_squared,proxy,proxy,proxy,1991-2020,KMA climate normals fileset,kma_climate_normals_1991_2020_monthly.xlsx,kma_climate_normals_1991_2020_annual.xlsx
41250,11.5,28.7,1417.096,"[""98"", ""504"", ""532""]","[""동두천"", ""포천"", ""의정부""]","[0.123, 11.038, 18.493]","[0.999833, 0.000123, 4.4e-05]",nearest_3_inverse_distance_squared,proxy,proxy,proxy,1991-2020,KMA climate normals fileset,kma_climate_normals_1991_2020_monthly.xlsx,kma_climate_normals_1991_2020_annual.xlsx
41270,11.735,28.675,1130.296,"[""545"", ""438"", ""445""]","[""안산"", ""군포"", ""의왕""]","[3.154, 11.154, 13.052]","[0.878491, 0.070225, 0.051284]",nearest_3_inverse_distance_squared,proxy,proxy,proxy,1991-2020,KMA climate normals fileset,kma_climate_normals_1991_2020_monthly.xlsx,kma_climate_normals_1991_2020_annual.xlsx
41280,12.11,28.915,1173.383,"[""441"", ""540"", ""404""]","[""김포"", ""고양"", ""강서""]","[6.302, 9.225, 10.107]","[0.538919, 0.251524, 0.209557]",nearest_3_inverse_distance_squared,proxy,proxy,proxy,1991-2020,KMA climate normals fileset,kma_climate_normals_1991_2020_monthly.xlsx,kma_climate_normals_1991_2020_annual.xlsx
41290,12.823,28.02,1376.503,"[""425"", ""434"", ""401""]","[""남현"", ""안양"", ""서초""]","[3.607, 5.922, 5.973]","[0.576217, 0.213703, 0.210081]",nearest_3_inverse_distance_squared,proxy,proxy,proxy,1991-2020,KMA climate normals fileset,kma_climate_normals_1991_2020_monthly.xlsx,kma_climate_normals_1991_2020_annual.xlsx
41310,12.158,28.715,1356.206,"[""541"", ""407"", ""409""]","[""남양주"", ""노원"", ""중랑""]","[3.623, 4.7, 5.019]","[0.472741, 0.280959, 0.2463]",nearest_3_inverse_distance_squared,proxy,proxy,proxy,1991-2020,KMA climate normals fileset,kma_climate_normals_1991_2020_monthly.xlsx,kma_climate_normals_1991_2020_annual.xlsx
41360,11.924,28.814,1312.301,"[""541"", ""402"", ""444""]","[""남양주"", ""강동"", ""하남""]","[5.208, 10.182, 10.414]","[0.661513, 0.173056, 0.165431]",nearest_3_inverse_distance_squared,proxy,proxy,proxy,1991-2020,KMA climate normals fileset,kma_climate_normals_1991_2020_monthly.xlsx,kma_climate_normals_1991_2020_annual.xlsx
41370,12.204,28.204,1279.714,"[""119"", ""445"", ""545""]","[""수원"", ""의왕"", ""안산""]","[12.859, 21.05, 23.343]","[0.596435, 0.22258, 0.180985]",nearest_3_inverse_distance_squared,proxy,proxy,proxy,1991-2020,KMA climate normals fileset,kma_climate_normals_1991_2020_monthly.xlsx,kma_climate_normals_1991_2020_annual.xlsx
41390,12.695,28.194,1108.728,"[""512"", ""433"", ""545""]","[""인천연수"", ""부천"", ""안산""]","[6.885, 13.65, 14.176]","[0.671027, 0.1707, 0.158272]",nearest_3_inverse_distance_squared,proxy,proxy,proxy,1991-2020,KMA climate normals fileset,kma_climate_normals_1991_2020_monthly.xlsx,kma_climate_normals_1991_2020_annual.xlsx
41410,13.278,27.607,1327.132,"[""438"", ""445"", ""434""]","[""군포"", ""의왕"", ""안양""]","[0.422, 3.494, 4.548]","[0.977364, 0.014236, 0.0084]",nearest_3_inverse_distance_squared,proxy,proxy,proxy,1991-2020,KMA climate normals fileset,kma_climate_normals_1991_2020_monthly.xlsx,kma_climate_normals_1991_2020_annual.xlsx
41430,12.67,27.835,1309.533,"[""445"", ""434"", ""438""]","[""의왕"", ""안양"", ""군포""]","[4.851, 4.886, 6.535]","[0.394192, 0.388549, 0.217259]",nearest_3_inverse_distance_squared,proxy,proxy,proxy,1991-2020,KMA climate normals fileset,kma_climate_normals_1991_2020_monthly.xlsx,kma_climate_normals_1991_2020_annual.xlsx
41450,12.622,28.396,1118.77,"[""444"", ""402"", ""403""]","[""하남"", ""강동"", ""송파""]","[1.217, 7.034, 11.737]","[0.96093, 0.028746, 0.010324]",nearest_3_inverse_distance_squared,proxy,proxy,proxy,1991-2020,KMA climate normals fileset,kma_climate_normals_1991_2020_monthly.xlsx,kma_climate_normals_1991_2020_annual.xlsx
41460,12.487,27.98,1319.956,"[""119"", ""445"", ""438""]","[""수원"", ""의왕"", ""군포""]","[12.029, 17.073, 20.574]","[0.54397, 0.270062, 0.185969]",nearest_3_inverse_distance_squared,proxy,proxy,proxy,1991-2020,KMA climate normals fileset,kma_climate_normals_1991_2020_monthly.xlsx,kma_climate_normals_1991_2020_annual.xlsx
41480,11.445,29.291,1228.011,"[""99"", ""441"", ""540""]","[""파주"", ""김포"", ""고양""]","[14.386, 18.928, 22.689]","[0.505126, 0.291801, 0.203073]",nearest_3_inverse_distance_squared,proxy,proxy,proxy,1991-2020,KMA climate normals fileset,kma_climate_normals_1991_2020_monthly.xlsx,kma_climate_normals_1991_2020_annual.xlsx
41500,11.689,28.197,1299.759,"[""203"", ""548"", ""546""]","[""이천"", ""여주"", ""경기광주""]","[7.834, 21.408, 24.818]","[0.810686, 0.108544, 0.080771]",nearest_3_inverse_distance_squared,proxy,proxy,proxy,1991-2020,KMA climate normals fileset,kma_climate_normals_1991_2020_monthly.xlsx,kma_climate_normals_1991_2020_annual.xlsx
41550,12.487,28.486,1196.289,"[""516"", ""232"", ""203""]","[""안성"", ""천안"", ""이천""]","[3.184, 30.052, 32.647]","[0.979682, 0.010998, 0.009319]",nearest_3_inverse_distance_squared,proxy,proxy,proxy,1991-2020,KMA climate normals fileset,kma_climate_normals_1991_2020_monthly.xlsx,kma_climate_normals_1991_2020_annual.xlsx
41570,12.074,29.038,1169.225,"[""441"", ""404"", ""433""]","[""김포"", ""강서"", ""부천""]","[3.363, 10.18, 12.904]","[0.849561, 0.092729, 0.05771]",nearest_3_inverse_distance_squared,proxy,proxy,proxy,1991-2020,KMA climate normals fileset,kma_climate_normals_1991_2020_monthly.xlsx,kma_climate_normals_1991_2020_annual.xlsx
41590,12.229,28.22,1277.234,"[""119"", ""545"", ""445""]","[""수원"", ""안산"", ""의왕""]","[8.12, 14.801, 16.295]","[0.645483, 0.194256, 0.160262]",nearest_3_inverse_distance_squared,proxy,proxy,proxy,1991-2020,KMA climate normals fileset,kma_climate_normals_1991_2020_monthly.xlsx,kma_climate_normals_1991_2020_annual.xlsx
41610,11.857,28.453,1298.512,"[""546"", ""403"", ""444""]","[""경기광주"", ""송파"", ""하남""]","[3.418, 14.067, 15.34]","[0.901982, 0.053245, 0.044774]",nearest_3_inverse_distance_squared,proxy,proxy,proxy,1991-2020,KMA climate normals fileset,kma_climate_normals_1991_2020_monthly.xlsx,kma_climate_normals_1991_2020_annual.xlsx
41630,11.838,28.622,1452.047,"[""532"", ""406"", ""98""]","[""의정부"", ""도봉"", ""동두천""]","[9.568, 13.63, 14.967]","[0.525932, 0.259158, 0.214909]",nearest_3_inverse_distance_squared,proxy,proxy,proxy,1991-2020,KMA climate normals fileset,kma_climate_normals_1991_2020_monthly.xlsx,kma_climate_normals_1991_2020_annual.xlsx
41650,11.185,29.458,1380.295,"[""504"", ""98"", ""505""]","[""포천"", ""동두천"", ""가평조종""]","[9.893, 16.059, 16.953]","[0.581407, 0.220627, 0.197966]",nearest_3_inverse_distance_squared,proxy,proxy,proxy,1991-2020,KMA climate normals fileset,kma_climate_normals_1991_2020_monthly.xlsx,kma_climate_normals_1991_2020_annual.xlsx
41670,11.61,28.649,1187.709,"[""548"", ""203"", ""202""]","[""여주"", ""이천"", ""양평""]","[3.501, 11.521, 28.923]","[0.903339, 0.083424, 0.013237]",nearest_3_inverse_distance_squared,proxy,proxy,proxy,1991-2020,KMA climate normals fileset,kma_climate_normals_1991_2020_monthly.xlsx,kma_climate_normals_1991_2020_annual.xlsx
41800,11.202,29.217,1389.963,"[""98"", ""504"", ""95""]","[""동두천"", ""포천"", ""철원""]","[16.219, 22.496, 24.315]","[0.508967, 0.264568, 0.226465]",nearest_3_inverse_distance_squared,proxy,proxy,proxy,1991-2020,KMA climate normals fileset,kma_climate_normals_1991_2020_monthly.xlsx,kma_climate_normals_1991_2020_annual.xlsx
41820,10.582,29.339,1368.122,"[""505"", ""101"", ""504""]","[""가평조종"", ""춘천"", ""포천""]","[13.282, 26.485, 28.587]","[0.681506, 0.171386, 0.147108]",nearest_3_inverse_distance_squared,proxy,proxy,proxy,1991-2020,KMA climate normals fileset,kma_climate_normals_1991_2020_monthly.xlsx,kma_climate_normals_1991_2020_annual.xlsx
41830,11.722,28.592,1374.976,"[""202"", ""546"", ""444""]","[""양평"", ""경기광주"", ""하남""]","[4.032, 23.546, 25.398]","[0.948293, 0.027807, 0.023899]",nearest_3_inverse_distance_squared,proxy,proxy,proxy,1991-2020,KMA climate normals fileset,kma_climate_normals_1991_2020_monthly.xlsx,kma_climate_normals_1991_2020_annual.xlsx
43110,13.038,27.689,1233.21,"[""131"", ""232"", ""226""]","[""청주"", ""천안"", ""보은""]","[3.694, 21.62, 28.245]","[0.955745, 0.027906, 0.016349]",nearest_3_inverse_distance_squared,proxy,proxy,proxy,1991-2020,KMA climate normals fileset,kma_climate_normals_1991_2020_monthly.xlsx,kma_climate_normals_1991_2020_annual.xlsx
43130,11.684,28.403,1216.953,"[""127"", ""221"", ""114""]","[""충주"", ""제천"", ""원주""]","[3.552, 30.337, 38.407]","[0.978221, 0.013411, 0.008368]",nearest_3_inverse_distance_squared,proxy,proxy,proxy,1991-2020,KMA climate normals fileset,kma_climate_normals_1991_2020_monthly.xlsx,kma_climate_normals_1991_2020_annual.xlsx
43150,10.346,28.582,1353.274,"[""221"", ""121"", ""127""]","[""제천"", ""영월"", ""충주""]","[3.776, 25.709, 26.462]","[0.959755, 0.020703, 0.019542]",nearest_3_inverse_distance_squared,proxy,proxy,proxy,1991-2020,KMA climate normals fileset,kma_climate_normals_1991_2020_monthly.xlsx,kma_climate_normals_1991_2020_annual.xlsx
43720,11.271,27.19,1301.266,"[""226"", ""137"", ""131""]","[""보은"", ""상주"", ""청주""]","[5.019, 34.471, 34.786]","[0.959674, 0.020346, 0.019979]",nearest_3_inverse_distance_squared,proxy,proxy,proxy,1991-2020,KMA climate normals fileset,kma_climate_normals_1991_2020_monthly.xlsx,kma_climate_normals_1991_2020_annual.xlsx
43730,12.144,27.144,1319.742,"[""133"", ""226"", ""238""]","[""대전"", ""보은"", ""금산""]","[20.369, 23.134, 25.252]","[0.412216, 0.319577, 0.268206]",nearest_3_inverse_distance_squared,proxy,proxy,proxy,1991-2020,KMA climate normals fileset,kma_climate_normals_1991_2020_monthly.xlsx,kma_climate_normals_1991_2020_annual.xlsx
43740,11.7,26.473,1237.411,"[""135"", ""238"", ""226""]","[""추풍령"", ""금산"", ""보은""]","[19.049, 28.725, 35.452]","[0.578546, 0.254422, 0.167032]",nearest_3_inverse_distance_squared,proxy,proxy,proxy,1991-2020,KMA climate normals fileset,kma_climate_normals_1991_2020_monthly.xlsx,kma_climate_normals_1991_2020_annual.xlsx
43745,12.421,27.582,1240.544,"[""131"", ""232"", ""226""]","[""청주"", ""천안"", ""보은""]","[20.776, 26.181, 35.725]","[0.508151, 0.319995, 0.171854]",nearest_3_inverse_distance_squared,proxy,proxy,proxy,1991-2020,KMA climate normals fileset,kma_climate_normals_1991_2020_monthly.xlsx,kma_climate_normals_1991_2020_annual.xlsx
43750,12.395,27.852,1216.028,"[""232"", ""516"", ""131""]","[""천안"", ""안성"", ""청주""]","[16.765, 23.638, 24.05]","[0.502763, 0.252924, 0.244314]",nearest_3_inverse_distance_squared,proxy,proxy,proxy,1991-2020,KMA climate normals fileset,kma_climate_normals_1991_2020_monthly.xlsx,kma_climate_normals_1991_2020_annual.xlsx
43760,11.628,27.514,1255.381,"[""127"", ""226"", ""273""]","[""충주"", ""보은"", ""문경""]","[23.333, 34.427, 34.429]","[0.521204, 0.239414, 0.239382]",nearest_3_inverse_distance_squared,proxy,proxy,proxy,1991-2020,KMA climate normals fileset,kma_climate_normals_1991_2020_monthly.xlsx,kma_climate_normals_1991_2020_annual.xlsx
43770,11.924,28.524,1195.429,"[""127"", ""516"", ""548""]","[""충주"", ""안성"", ""여주""]","[30.038, 32.545, 33.147]","[0.374091, 0.318693, 0.307216]",nearest_3_inverse_distance_squared,proxy,proxy,proxy,1991-2020,KMA climate normals fileset,kma_climate_normals_1991_2020_monthly.xlsx,kma_climate_normals_1991_2020_annual.xlsx
43800,11.211,27.373,1303.351,"[""272"", ""121"", ""221""]","[""영주"", ""영월"", ""제천""]","[18.113, 23.124, 24.889]","[0.466617, 0.286273, 0.24711]",nearest_3_inverse_distance_squared,proxy,proxy,proxy,1991-2020,KMA climate normals fileset,kma_climate_normals_1991_2020_monthly.xlsx,kma_climate_normals_1991_2020_annual.xlsx
44130,12.246,27.818,1214.883,"[""232"", ""516"", ""131""]","[""천안"", ""안성"", ""청주""]","[13.741, 23.181, 32.13]","[0.651761, 0.229021, 0.119218]",nearest_3_inverse_distance_squared,proxy,proxy,proxy,1991-2020,KMA climate normals fileset,kma_climate_normals_1991_2020_monthly.xlsx,kma_climate_normals_1991_2020_annual.xlsx
44150,12.863,27.217,1317.614,"[""133"", ""236"", ""131""]","[""대전"", ""부여"", ""청주""]","[23.877, 27.483, 34.692]","[0.448727, 0.338702, 0.212572]",nearest_3_inverse_distance_squared,proxy,proxy,proxy,1991-2020,KMA climate normals fileset,kma_climate_normals_1991_2020_monthly.xlsx,kma_climate_normals_1991_2020_annual.xlsx
44180,12.7,25.906,1192.211,"[""235"", ""236"", ""140""]","[""보령"", ""부여"", ""군산""]","[2.434, 35.503, 42.13]","[0.992025, 0.004664, 0.003312]",nearest_3_inverse_distance_squared,proxy,proxy,proxy,1991-2020,KMA climate normals fileset,kma_climate_normals_1991_2020_monthly.xlsx,kma_climate_normals_1991_2020_annual.xlsx
44200,12.364,27.901,1213.814,"[""232"", ""516"", ""131""]","[""천안"", ""안성"", ""청주""]","[26.088, 32.864, 42.412]","[0.497879, 0.313741, 0.18838]",nearest_3_inverse_distance_squared,proxy,proxy,proxy,1991-2020,KMA climate normals fileset,kma_climate_normals_1991_2020_monthly.xlsx,kma_climate_normals_1991_2020_annual.xlsx
44210,12.102,26.901,1253.042,"[""129"", ""235"", ""545""]","[""서산"", ""보령"", ""안산""]","[3.835, 51.107, 65.591]","[0.99103, 0.005582, 0.003389]",nearest_3_inverse_distance_squared,proxy,proxy,proxy,1991-2020,KMA climate normals fileset,kma_climate_normals_1991_2020_monthly.xlsx,kma_climate_normals_1991_2020_annual.xlsx
44230,12.447,27.171,1324.524,"[""236"", ""133"", ""238""]","[""부여"", ""대전"", ""금산""]","[21.271, 30.379, 32.75]","[0.52299, 0.25639, 0.22062]",nearest_3_inverse_distance_squared,proxy,proxy,proxy,1991-2020,KMA climate normals fileset,kma_climate_normals_1991_2020_monthly.xlsx,kma_climate_normals_1991_2020_annual.xlsx
44250,12.748,27.088,1335.867,"[""133"", ""236"", ""238""]","[""대전"", ""부여"", ""금산""]","[15.171, 28.91, 29.176]","[0.646926, 0.178154, 0.17492]",nearest_3_inverse_distance_squared,proxy,proxy,proxy,1991-2020,KMA climate normals fileset,kma_climate_normals_1991_2020_monthly.xlsx,kma_climate_normals_1991_2020_annual.xlsx
44270,12.074,27.328,1239.674,"[""129"", ""545"", ""119""]","[""서산"", ""안산"", ""수원""]","[20.501, 45.453, 50.259]","[0.730023, 0.14851, 0.121468]",nearest_3_inverse_distance_squared,proxy,proxy,proxy,1991-2020,KMA climate normals fileset,kma_climate_normals_1991_2020_monthly.xlsx,kma_climate_normals_1991_2020_annual.xlsx
44710,11.801,27.299,1288.621,"[""238"", ""133"", ""135""]","[""금산"", ""대전"", ""추풍령""]","[0.978, 31.096, 46.808]","[0.998575, 0.000989, 0.000436]",nearest_3_inverse_distance_squared,proxy,proxy,proxy,1991-2020,KMA climate normals fileset,kma_climate_normals_1991_2020_monthly.xlsx,kma_climate_normals_1991_2020_annual.xlsx
44760,12.404,27.19,1325.697,"[""236"", ""235"", ""140""]","[""부여"", ""보령"", ""군산""]","[2.081, 31.28, 33.439]","[0.991769, 0.00439, 0.003841]",nearest_3_inverse_distance_squared,proxy,proxy,proxy,1991-2020,KMA climate normals fileset,kma_climate_normals_1991_2020_monthly.xlsx,kma_climate_normals_1991_2020_annual.xlsx
44770,12.889,26.127,1248.038,"[""140"", ""235"", ""236""]","[""군산"", ""보령"", ""부여""]","[12.213, 28.737, 30.906]","[0.748073, 0.135111, 0.116816]",nearest_3_inverse_distance_squared,proxy,proxy,proxy,1991-2020,KMA climate normals fileset,kma_climate_normals_1991_2020_monthly.xlsx,kma_climate_normals_1991_2020_annual.xlsx
44790,12.554,26.818,1291.443,"[""236"", ""235"", ""133""]","[""부여"", ""보령"", ""대전""]","[19.164, 28.602, 47.431]","[0.62028, 0.278459, 0.10126]",nearest_3_inverse_distance_squared,proxy,proxy,proxy,1991-2020,KMA climate normals fileset,kma_climate_normals_1991_2020_monthly.xlsx,kma_climate_normals_1991_2020_annual.xlsx
44800,12.343,26.62,1244.858,"[""129"", ""235"", ""236""]","[""서산"", ""보령"", ""부여""]","[24.07, 30.294, 43.782]","[0.517174, 0.326507, 0.156319]",nearest_3_inverse_distance_squared,proxy,proxy,proxy,1991-2020,KMA climate normals fileset,kma_climate_normals_1991_2020_monthly.xlsx,kma_climate_normals_1991_2020_annual.xlsx
44810,12.218,26.812,1232.368,"[""129"", ""235"", ""232""]","[""서산"", ""보령"", ""천안""]","[27.87, 43.728, 46.596]","[0.566895, 0.230293, 0.202812]",nearest_3_inverse_distance_squared,proxy,proxy,proxy,1991-2020,KMA climate normals fileset,kma_climate_normals_1991_2020_monthly.xlsx,kma_climate_normals_1991_2020_annual.xlsx
44825,12.217,26.757,1248.479,"[""129"", ""235"", ""236""]","[""서산"", ""보령"", ""부여""]","[20.812, 45.4, 71.748]","[0.772632, 0.162361, 0.065008]",nearest_3_inverse_distance_squared,proxy,proxy,proxy,1991-2020,KMA climate normals fileset,kma_climate_normals_1991_2020_monthly.xlsx,kma_climate_normals_1991_2020_annual.xlsx
47110,14.593,23.809,1192.011,"[""138"", ""283"", ""281""]","[""포항"", ""경주시"", ""영천""]","[1.62, 30.006, 39.097]","[0.995388, 0.002903, 0.00171]",nearest_3_inverse_distance_squared,proxy,proxy,proxy,1991-2020,KMA climate normals fileset,kma_climate_normals_1991_2020_monthly.xlsx,kma_climate_normals_1991_2020_annual.xlsx
47130,13.41,25.578,1121.801,"[""283"", ""138"", ""281""]","[""경주시"", ""포항"", ""영천""]","[3.059, 25.852, 29.45]","[0.975811, 0.013662, 0.010527]",nearest_3_inverse_distance_squared,proxy,proxy,proxy,1991-2020,KMA climate normals fileset,kma_climate_normals_1991_2020_monthly.xlsx,kma_climate_normals_1991_2020_annual.xlsx
47150,12.166,25.991,1176.854,"[""135"", ""279"", ""137""]","[""추풍령"", ""구미"", ""상주""]","[12.866, 23.757, 33.74]","[0.695067, 0.203866, 0.101067]",nearest_3_inverse_distance_squared,proxy,proxy,proxy,1991-2020,KMA climate normals fileset,kma_climate_normals_1991_2020_monthly.xlsx,kma_climate_normals_1991_2020_annual.xlsx
47170,12.189,26.913,1044.957,"[""136"", ""278"", ""276""]","[""안동"", ""의성"", ""청송군""]","[2.298, 23.587, 31.176]","[0.985299, 0.009349, 0.005352]",nearest_3_inverse_distance_squared,proxy,proxy,proxy,1991-2020,KMA climate normals fileset,kma_climate_normals_1991_2020_monthly.xlsx,kma_climate_normals_1991_2020_annual.xlsx
47190,13.092,26.198,1113.85,"[""279"", ""135"", ""137""]","[""구미"", ""추풍령"", ""상주""]","[2.463, 33.371, 35.812]","[0.989924, 0.005393, 0.004683]",nearest_3_inverse_distance_squared,proxy,proxy,proxy,1991-2020,KMA climate normals fileset,kma_climate_normals_1991_2020_monthly.xlsx,kma_climate_normals_1991_2020_annual.xlsx
47210,11.611,26.466,1304.89,"[""272"", ""271"", ""136""]","[""영주"", ""봉화"", ""안동""]","[8.448, 29.574, 31.57]","[0.867149, 0.070756, 0.062094]",nearest_3_inverse_distance_squared,proxy,proxy,proxy,1991-2020,KMA climate normals fileset,kma_climate_normals_1991_2020_monthly.xlsx,kma_climate_normals_1991_2020_annual.xlsx
47230,12.805,25.796,1086.191,"[""281"", ""283"", ""138""]","[""영천"", ""경주시"", ""포항""]","[1.669, 30.336, 40.032]","[0.995258, 0.003012, 0.00173]",nearest_3_inverse_distance_squared,proxy,proxy,proxy,1991-2020,KMA climate normals fileset,kma_climate_normals_1991_2020_monthly.xlsx,kma_climate_normals_1991_2020_annual.xlsx
47250,12.75,26.184,1183.019,"[""137"", ""273"", ""135""]","[""상주"", ""문경"", ""추풍령""]","[3.949, 20.409, 28.859]","[0.946823, 0.035448, 0.017729]",nearest_3_inverse_distance_squared,proxy,proxy,proxy,1991-2020,KMA climate normals fileset,kma_climate_normals_1991_2020_monthly.xlsx,kma_climate_normals_1991_2020_annual.xlsx
47280,11.929,25.973,1288.558,"[""273"", ""137"", ""127""]","[""문경"", ""상주"", ""충주""]","[5.881, 29.463, 36.201]","[0.937873, 0.037372, 0.024755]",nearest_3_inverse_distance_squared,proxy,proxy,proxy,1991-2020,KMA climate normals fileset,kma_climate_normals_1991_2020_monthly.xlsx,kma_climate_normals_1991_2020_annual.xlsx
47290,13.094,25.716,1123.309,"[""281"", ""288"", ""283""]","[""영천"", ""밀양"", ""경주시""]","[23.105, 38.021, 39.181]","[0.582408, 0.21507, 0.202522]",nearest_3_inverse_distance_squared,proxy,proxy,proxy,1991-2020,KMA climate normals fileset,kma_climate_normals_1991_2020_monthly.xlsx,kma_climate_normals_1991_2020_annual.xlsx
47730,11.6,28.098,1011.211,"[""278"", ""136"", ""276""]","[""의성"", ""안동"", ""청송군""]","[0.893, 24.75, 32.224]","[0.997933, 0.0013, 0.000767]",nearest_3_inverse_distance_squared,proxy,proxy,proxy,1991-2020,KMA climate normals fileset,kma_climate_normals_1991_2020_monthly.xlsx,kma_climate_normals_1991_2020_annual.xlsx
47750,11.208,27.19,967.872,"[""276"", ""277"", ""278""]","[""청송군"", ""영덕"", ""의성""]","[1.995, 33.021, 34.483]","[0.99305, 0.003625, 0.003325]",nearest_3_inverse_distance_squared,proxy,proxy,proxy,1991-2020,KMA climate normals fileset,kma_climate_normals_1991_2020_monthly.xlsx,kma_climate_normals_1991_2020_annual.xlsx
47760,11.59,25.837,1065.536,"[""276"", ""277"", ""271""]","[""청송군"", ""영덕"", ""봉화""]","[26.663, 29.275, 36.224]","[0.421716, 0.349815, 0.228469]",nearest_3_inverse_distance_squared,proxy,proxy,proxy,1991-2020,KMA climate normals fileset,kma_climate_normals_1991_2020_monthly.xlsx,kma_climate_normals_1991_2020_annual.xlsx
47770,12.966,23.975,1099.709,"[""277"", ""276"", ""138""]","[""영덕"", ""청송군"", ""포항""]","[12.446, 31.94, 43.384]","[0.810288, 0.12303, 0.066682]",nearest_3_inverse_distance_squared,proxy,proxy,proxy,1991-2020,KMA climate normals fileset,kma_climate_normals_1991_2020_monthly.xlsx,kma_climate_normals_1991_2020_annual.xlsx
47820,13.458,25.63,1193.302,"[""288"", ""281"", ""283""]","[""밀양"", ""영천"", ""경주시""]","[18.223, 40.572, 45.372]","[0.733651, 0.148005, 0.118344]",nearest_3_inverse_distance_squared,proxy,proxy,proxy,1991-2020,KMA climate normals fileset,kma_climate_normals_1991_2020_monthly.xlsx,kma_climate_normals_1991_2020_annual.xlsx
47830,12.899,25.826,1269.133,"[""285"", ""284"", ""279""]","[""합천"", ""거창"", ""구미""]","[19.903, 32.332, 45.05]","[0.635274, 0.240731, 0.123994]",nearest_3_inverse_distance_squared,proxy,proxy,proxy,1991-2020,KMA climate normals fileset,kma_climate_normals_1991_2020_monthly.xlsx,kma_climate_normals_1991_2020_annual.xlsx
47840,12.87,25.987,1197.931,"[""279"", ""285"", ""284""]","[""구미"", ""합천"", ""거창""]","[26.09, 38.477, 39.347]","[0.526471, 0.242056, 0.231473]",nearest_3_inverse_distance_squared,proxy,proxy,proxy,1991-2020,KMA climate normals fileset,kma_climate_normals_1991_2020_monthly.xlsx,kma_climate_normals_1991_2020_annual.xlsx
47850,12.845,26.411,1094.792,"[""279"", ""281"", ""278""]","[""구미"", ""영천"", ""의성""]","[19.445, 43.383, 43.739]","[0.715027, 0.143652, 0.141321]",nearest_3_inverse_distance_squared,proxy,proxy,proxy,1991-2020,KMA climate normals fileset,kma_climate_normals_1991_2020_monthly.xlsx,kma_climate_normals_1991_2020_annual.xlsx
47900,11.93,26.393,1227.288,"[""273"", ""272"", ""136""]","[""문경"", ""영주"", ""안동""]","[25.47, 25.561, 26.052]","[0.33914, 0.336713, 0.324147]",nearest_3_inverse_distance_squared,proxy,proxy,proxy,1991-2020,KMA climate normals fileset,kma_climate_normals_1991_2020_monthly.xlsx,kma_climate_normals_1991_2020_annual.xlsx
47920,10.102,26.794,1200.677,"[""271"", ""272"", ""216""]","[""봉화"", ""영주"", ""태백""]","[9.401, 27.013, 32.589]","[0.830341, 0.100564, 0.069095]",nearest_3_inverse_distance_squared,proxy,proxy,proxy,1991-2020,KMA climate normals fileset,kma_climate_normals_1991_2020_monthly.xlsx,kma_climate_normals_1991_2020_annual.xlsx
47930,12.773,22.533,1182.194,"[""130"", ""216"", ""271""]","[""울진"", ""태백"", ""봉화""]","[2.81, 43.657, 44.094]","[0.991865, 0.004108, 0.004027]",nearest_3_inverse_distance_squared,proxy,proxy,proxy,1991-2020,KMA climate normals fileset,kma_climate_normals_1991_2020_monthly.xlsx,kma_climate_normals_1991_2020_annual.xlsx
47940,12.7,22.1,1480.547,"[""115"", ""130"", ""106""]","[""울릉도"", ""울진"", ""동해""]","[1.492, 142.118, 155.757]","[0.999798, 0.00011, 9.2e-05]",nearest_3_inverse_distance_squared,proxy,proxy,proxy,1991-2020,KMA climate normals fileset,kma_climate_normals_1991_2020_monthly.xlsx,kma_climate_normals_1991_2020_annual.xlsx
48120,14.777,24.066,1509.939,"[""155"", ""253"", ""288""]","[""창원"", ""김해시"", ""밀양""]","[6.938, 23.483, 33.093]","[0.883989, 0.077159, 0.038853]",nearest_3_inverse_distance_squared,proxy,proxy,proxy,1991-2020,KMA climate normals fileset,kma_climate_normals_1991_2020_monthly.xlsx,kma_climate_normals_1991_2020_annual.xlsx
48170,13.382,25.596,1512.096,"[""192"", ""263"", ""289""]","[""진주"", ""의령군"", ""산청""]","[5.01, 23.738, 31.815]","[0.935153, 0.041657, 0.02319]",nearest_3_inverse_distance_squared,proxy,proxy,proxy,1991-2020,KMA climate normals fileset,kma_climate_normals_1991_2020_monthly.xlsx,kma_climate_normals_1991_2020_annual.xlsx
48220,14.599,22.906,1539.02,"[""162"", ""294"", ""155""]","[""통영"", ""거제"", ""창원""]","[1.598, 17.595, 39.628]","[0.990221, 0.008169, 0.00161]",nearest_3_inverse_distance_squared,proxy,proxy,proxy,1991-2020,KMA climate normals fileset,kma_climate_normals_1991_2020_monthly.xlsx,kma_climate_normals_1991_2020_annual.xlsx
48240,13.976,24.406,1702.679,"[""295"", ""192"", ""162""]","[""남해"", ""진주"", ""통영""]","[20.696, 21.8, 37.056]","[0.451812, 0.407245, 0.140943]",nearest_3_inverse_distance_squared,proxy,proxy,proxy,1991-2020,KMA climate normals fileset,kma_climate_normals_1991_2020_monthly.xlsx,kma_climate_normals_1991_2020_annual.xlsx
48250,15.073,24.941,1403.681,"[""253"", ""159"", ""257""]","[""김해시"", ""부산"", ""양산시""]","[6.985, 20.795, 21.553]","[0.821128, 0.092636, 0.086235]",nearest_3_inverse_distance_squared,proxy,proxy,proxy,1991-2020,KMA climate normals fileset,kma_climate_normals_1991_2020_monthly.xlsx,kma_climate_normals_1991_2020_annual.xlsx
48270,13.627,25.591,1230.5,"[""288"", ""257"", ""253""]","[""밀양"", ""양산시"", ""김해시""]","[3.057, 30.536, 31.51]","[0.980941, 0.009828, 0.00923]",nearest_3_inverse_distance_squared,proxy,proxy,proxy,1991-2020,KMA climate normals fileset,kma_climate_normals_1991_2020_monthly.xlsx,kma_climate_normals_1991_2020_annual.xlsx
48310,14.424,23.378,1892.952,"[""294"", ""162"", ""155""]","[""거제"", ""통영"", ""창원""]","[5.777, 20.874, 34.627]","[0.905437, 0.069357, 0.025205]",nearest_3_inverse_distance_squared,proxy,proxy,proxy,1991-2020,KMA climate normals fileset,kma_climate_normals_1991_2020_monthly.xlsx,kma_climate_normals_1991_2020_annual.xlsx
48330,14.849,25.14,1456.641,"[""257"", ""253"", ""288""]","[""양산시"", ""김해시"", ""밀양""]","[7.751, 21.045, 29.675]","[0.830664, 0.112668, 0.056668]",nearest_3_inverse_distance_squared,proxy,proxy,proxy,1991-2020,KMA climate normals fileset,kma_climate_normals_1991_2020_monthly.xlsx,kma_climate_normals_1991_2020_annual.xlsx
48720,13.207,25.974,1356.683,"[""263"", ""285"", ""192""]","[""의령군"", ""합천"", ""진주""]","[5.923, 23.102, 30.525]","[0.906319, 0.059564, 0.034117]",nearest_3_inverse_distance_squared,proxy,proxy,proxy,1991-2020,KMA climate normals fileset,kma_climate_normals_1991_2020_monthly.xlsx,kma_climate_normals_1991_2020_annual.xlsx
48730,13.721,25.306,1424.083,"[""263"", ""155"", ""192""]","[""의령군"", ""창원"", ""진주""]","[13.106, 18.177, 36.847]","[0.607367, 0.315786, 0.076847]",nearest_3_inverse_distance_squared,proxy,proxy,proxy,1991-2020,KMA climate normals fileset,kma_climate_normals_1991_2020_monthly.xlsx,kma_climate_normals_1991_2020_annual.xlsx
48740,13.392,25.756,1276.453,"[""288"", ""285"", ""263""]","[""밀양"", ""합천"", ""의령군""]","[22.322, 30.319, 30.323]","[0.479861, 0.260101, 0.260038]",nearest_3_inverse_distance_squared,proxy,proxy,proxy,1991-2020,KMA climate normals fileset,kma_climate_normals_1991_2020_monthly.xlsx,kma_climate_normals_1991_2020_annual.xlsx
48820,14.59,23.215,1631.451,"[""162"", ""294"", ""155""]","[""통영"", ""거제"", ""창원""]","[18.191, 27.693, 31.103]","[0.563828, 0.243293, 0.19288]",nearest_3_inverse_distance_squared,proxy,proxy,proxy,1991-2020,KMA climate normals fileset,kma_climate_normals_1991_2020_monthly.xlsx,kma_climate_normals_1991_2020_annual.xlsx
48840,14.3,23.799,1890.113,"[""295"", ""168"", ""192""]","[""남해"", ""여수"", ""진주""]","[5.451, 23.171, 40.689]","[0.93171, 0.051567, 0.016723]",nearest_3_inverse_distance_squared,proxy,proxy,proxy,1991-2020,KMA climate normals fileset,kma_climate_normals_1991_2020_monthly.xlsx,kma_climate_normals_1991_2020_annual.xlsx
48850,13.118,25.304,1486.451,"[""192"", ""289"", ""264""]","[""진주"", ""산청"", ""함양군""]","[29.454, 31.676, 39.037]","[0.410862, 0.355237, 0.233901]",nearest_3_inverse_distance_squared,proxy,proxy,proxy,1991-2020,KMA climate normals fileset,kma_climate_normals_1991_2020_monthly.xlsx,kma_climate_normals_1991_2020_annual.xlsx
48860,13.007,24.862,1530.282,"[""289"", ""264"", ""192""]","[""산청"", ""함양군"", ""진주""]","[7.405, 21.252, 25.825]","[0.830834, 0.10086, 0.068306]",nearest_3_inverse_distance_squared,proxy,proxy,proxy,1991-2020,KMA climate normals fileset,kma_climate_normals_1991_2020_monthly.xlsx,kma_climate_normals_1991_2020_annual.xlsx
48870,12.792,25.679,1329.548,"[""264"", ""289"", ""284""]","[""함양군"", ""산청"", ""거창""]","[2.843, 19.138, 22.54]","[0.963406, 0.021265, 0.01533]",nearest_3_inverse_distance_squared,proxy,proxy,proxy,1991-2020,KMA climate normals fileset,kma_climate_normals_1991_2020_monthly.xlsx,kma_climate_normals_1991_2020_annual.xlsx
48880,12.119,25.705,1296.452,"[""284"", ""264"", ""285""]","[""거창"", ""함양군"", ""합천""]","[7.819, 28.472, 31.312]","[0.878911, 0.066282, 0.054807]",nearest_3_inverse_distance_squared,proxy,proxy,proxy,1991-2020,KMA climate normals fileset,kma_climate_normals_1991_2020_monthly.xlsx,kma_climate_normals_1991_2020_annual.xlsx
48890,13.1,25.742,1302.546,"[""285"", ""284"", ""289""]","[""합천"", ""거창"", ""산청""]","[6.079, 20.694, 26.525]","[0.878098, 0.075778, 0.046123]",nearest_3_inverse_distance_squared,proxy,proxy,proxy,1991-2020,KMA climate normals fileset,kma_climate_normals_1991_2020_monthly.xlsx,kma_climate_normals_1991_2020_annual.xlsx
50110,16.205,21.083,1514.262,"[""184"", ""189"", ""188""]","[""제주"", ""서귀포"", ""성산""]","[3.414, 27.412, 36.183]","[0.976174, 0.015138, 0.008689]",nearest_3_inverse_distance_squared,proxy,proxy,proxy,1991-2020,KMA climate normals fileset,kma_climate_normals_1991_2020_monthly.xlsx,kma_climate_normals_1991_2020_annual.xlsx
50130,16.882,20.016,1976.977,"[""189"", ""184"", ""185""]","[""서귀포"", ""제주"", ""고산""]","[3.185, 28.438, 34.759]","[0.979487, 0.012288, 0.008225]",nearest_3_inverse_distance_squared,proxy,proxy,proxy,1991-2020,KMA climate normals fileset,kma_climate_normals_1991_2020_monthly.xlsx,kma_climate_normals_1991_2020_annual.xlsx
51110,11.378,29.109,1341.778,"[""101"", ""212"", ""505""]","[""춘천"", ""홍천"", ""가평조종""]","[3.366, 25.203, 33.713]","[0.972953, 0.01735, 0.009697]",nearest_3_inverse_distance_squared,proxy,proxy,proxy,1991-2020,KMA climate normals fileset,kma_climate_normals_1991_2020_monthly.xlsx,kma_climate_normals_1991_2020_annual.xlsx
51130,11.998,28.402,1298.981,"[""114"", ""536"", ""548""]","[""원주"", ""횡성"", ""여주""]","[0.749, 16.172, 28.192]","[0.99716, 0.002137, 0.000703]",nearest_3_inverse_distance_squared,proxy,proxy,proxy,1991-2020,KMA climate normals fileset,kma_climate_normals_1991_2020_monthly.xlsx,kma_climate_normals_1991_2020_annual.xlsx
51150,13.425,24.125,1447.158,"[""105"", ""100"", ""106""]","[""강릉"", ""대관령"", ""동해""]","[2.007, 18.73, 35.343]","[0.985501, 0.01132, 0.003179]",nearest_3_inverse_distance_squared,proxy,proxy,proxy,1991-2020,KMA climate normals fileset,kma_climate_normals_1991_2020_monthly.xlsx,kma_climate_normals_1991_2020_annual.xlsx
51170,12.788,23.013,1266.062,"[""106"", ""105"", ""100""]","[""동해"", ""강릉"", ""대관령""]","[1.96, 32.117, 38.777]","[0.993761, 0.0037, 0.002538]",nearest_3_inverse_distance_squared,proxy,proxy,proxy,1991-2020,KMA climate normals fileset,kma_climate_normals_1991_2020_monthly.xlsx,kma_climate_normals_1991_2020_annual.xlsx
51190,9.01,26.109,1306.824,"[""216"", ""271"", ""217""]","[""태백"", ""봉화"", ""정선군""]","[1.831, 24.273, 37.536]","[0.991992, 0.005647, 0.002361]",nearest_3_inverse_distance_squared,proxy,proxy,proxy,1991-2020,KMA climate normals fileset,kma_climate_normals_1991_2020_monthly.xlsx,kma_climate_normals_1991_2020_annual.xlsx
51210,12.421,24.129,1402.426,"[""90"", ""517"", ""211""]","[""속초"", ""간성"", ""인제""]","[6.154, 22.941, 39.773]","[0.9125, 0.065656, 0.021845]",nearest_3_inverse_distance_squared,proxy,proxy,proxy,1991-2020,KMA climate normals fileset,kma_climate_normals_1991_2020_monthly.xlsx,kma_climate_normals_1991_2020_annual.xlsx
51230,11.958,23.939,1261.594,"[""106"", ""216"", ""217""]","[""동해"", ""태백"", ""정선군""]","[14.542, 29.617, 45.327]","[0.744046, 0.179374, 0.07658]",nearest_3_inverse_distance_squared,proxy,proxy,proxy,1991-2020,KMA climate normals fileset,kma_climate_normals_1991_2020_monthly.xlsx,kma_climate_normals_1991_2020_annual.xlsx
51720,10.826,29.477,1338.774,"[""212"", ""101"", ""536""]","[""홍천"", ""춘천"", ""횡성""]","[4.44, 24.835, 25.949]","[0.9423, 0.030116, 0.027584]",nearest_3_inverse_distance_squared,proxy,proxy,proxy,1991-2020,KMA climate normals fileset,kma_climate_normals_1991_2020_monthly.xlsx,kma_climate_normals_1991_2020_annual.xlsx
51730,11.227,29.02,1326.514,"[""536"", ""114"", ""212""]","[""횡성"", ""원주"", ""홍천""]","[11.228, 22.35, 28.232]","[0.708925, 0.178937, 0.112138]",nearest_3_inverse_distance_squared,proxy,proxy,proxy,1991-2020,KMA climate normals fileset,kma_climate_normals_1991_2020_monthly.xlsx,kma_climate_normals_1991_2020_annual.xlsx
51750,11.175,27.912,1206.42,"[""121"", ""526"", ""221""]","[""영월"", ""평창"", ""제천""]","[2.488, 20.084, 23.728]","[0.97434, 0.01495, 0.01071]",nearest_3_inverse_distance_squared,proxy,proxy,proxy,1991-2020,KMA climate normals fileset,kma_climate_normals_1991_2020_monthly.xlsx,kma_climate_normals_1991_2020_annual.xlsx
51760,9.012,27.479,1385.388,"[""100"", ""526"", ""217""]","[""대관령"", ""평창"", ""정선군""]","[24.407, 27.023, 32.659]","[0.421186, 0.343579, 0.235235]",nearest_3_inverse_distance_squared,proxy,proxy,proxy,1991-2020,KMA climate normals fileset,kma_climate_normals_1991_2020_monthly.xlsx,kma_climate_normals_1991_2020_annual.xlsx
51770,10.698,28.003,1130.257,"[""217"", ""526"", ""121""]","[""정선군"", ""평창"", ""영월""]","[5.106, 29.214, 30.862]","[0.945242, 0.02888, 0.025878]",nearest_3_inverse_distance_squared,proxy,proxy,proxy,1991-2020,KMA climate normals fileset,kma_climate_normals_1991_2020_monthly.xlsx,kma_climate_normals_1991_2020_annual.xlsx
51780,10.356,29.679,1356.25,"[""95"", ""504"", ""98""]","[""철원"", ""포천"", ""동두천""]","[6.165, 38.015, 38.809]","[0.950987, 0.025013, 0.024]",nearest_3_inverse_distance_squared,proxy,proxy,proxy,1991-2020,KMA climate normals fileset,kma_climate_normals_1991_2020_monthly.xlsx,kma_climate_normals_1991_2020_annual.xlsx
51790,10.972,29.071,1321.335,"[""101"", ""95"", ""211""]","[""춘천"", ""철원"", ""인제""]","[21.983, 35.026, 41.228]","[0.59586, 0.234725, 0.169415]",nearest_3_inverse_distance_squared,proxy,proxy,proxy,1991-2020,KMA climate normals fileset,kma_climate_normals_1991_2020_monthly.xlsx,kma_climate_normals_1991_2020_annual.xlsx
51800,10.628,28.413,1242.598,"[""211"", ""101"", ""212""]","[""인제"", ""춘천"", ""홍천""]","[17.111, 33.008, 49.692]","[0.720817, 0.19371, 0.085473]",nearest_3_inverse_distance_squared,proxy,proxy,proxy,1991-2020,KMA climate normals fileset,kma_climate_normals_1991_2020_monthly.xlsx,kma_climate_normals_1991_2020_annual.xlsx
51810,10.761,27.367,1242.627,"[""211"", ""90"", ""517""]","[""인제"", ""속초"", ""간성""]","[11.632, 30.807, 38.47]","[0.810369, 0.115536, 0.074094]",nearest_3_inverse_distance_squared,proxy,proxy,proxy,1991-2020,KMA climate normals fileset,kma_climate_normals_1991_2020_monthly.xlsx,kma_climate_normals_1991_2020_annual.xlsx
51820,12.163,24.435,1400.119,"[""517"", ""90"", ""211""]","[""간성"", ""속초"", ""인제""]","[7.555, 9.336, 41.698]","[0.592528, 0.388022, 0.019451]",nearest_3_inverse_distance_squared,proxy,proxy,proxy,1991-2020,KMA climate normals fileset,kma_climate_normals_1991_2020_monthly.xlsx,kma_climate_normals_1991_2020_annual.xlsx
51830,12.585,24.139,1413.123,"[""90"", ""517"", ""105""]","[""속초"", ""간성"", ""강릉""]","[22.352, 39.032, 40.659]","[0.613442, 0.201166, 0.185392]",nearest_3_inverse_distance_squared,proxy,proxy,proxy,1991-2020,KMA climate normals fileset,kma_climate_normals_1991_2020_monthly.xlsx,kma_climate_normals_1991_2020_annual.xlsx
52110,11.61,26.64,1371.16,"[""244"", ""248"", ""245""]","[""임실"", ""장수"", ""정읍""]","[26.092, 38.214, 39.575]","[0.526073, 0.245252, 0.228675]",nearest_3_inverse_distance_squared,proxy,proxy,proxy,1991-2020,KMA climate normals fileset,kma_climate_normals_1991_2020_monthly.xlsx,kma_climate_normals_1991_2020_annual.xlsx
52130,12.984,26.028,1247.325,"[""140"", ""243"", ""236""]","[""군산"", ""부안"", ""부여""]","[5.57, 27.449, 37.933]","[0.940971, 0.038742, 0.020287]",nearest_3_inverse_distance_squared,proxy,proxy,proxy,1991-2020,KMA climate normals fileset,kma_climate_normals_1991_2020_monthly.xlsx,kma_climate_normals_1991_2020_annual.xlsx
52140,12.845,26.294,1263.374,"[""140"", ""236"", ""243""]","[""군산"", ""부여"", ""부안""]","[19.446, 31.447, 37.556]","[0.605883, 0.23168, 0.162438]",nearest_3_inverse_distance_squared,proxy,proxy,proxy,1991-2020,KMA climate normals fileset,kma_climate_normals_1991_2020_monthly.xlsx,kma_climate_normals_1991_2020_annual.xlsx
52180,13.293,26.304,1329.559,"[""245"", ""243"", ""254""]","[""정읍"", ""부안"", ""순창군""]","[2.353, 22.484, 32.333]","[0.984016, 0.010774, 0.00521]",nearest_3_inverse_distance_squared,proxy,proxy,proxy,1991-2020,KMA climate normals fileset,kma_climate_normals_1991_2020_monthly.xlsx,kma_climate_normals_1991_2020_annual.xlsx
52190,12.496,26.705,1353.668,"[""247"", ""254"", ""244""]","[""남원"", ""순창군"", ""임실""]","[1.658, 24.502, 24.929]","[0.991075, 0.00454, 0.004386]",nearest_3_inverse_distance_squared,proxy,proxy,proxy,1991-2020,KMA climate normals fileset,kma_climate_normals_1991_2020_monthly.xlsx,kma_climate_normals_1991_2020_annual.xlsx
52210,13.023,26.126,1262.764,"[""243"", ""245"", ""140""]","[""부안"", ""정읍"", ""군산""]","[18.136, 26.087, 26.873]","[0.5158, 0.249286, 0.234914]",nearest_3_inverse_distance_squared,proxy,proxy,proxy,1991-2020,KMA climate normals fileset,kma_climate_normals_1991_2020_monthly.xlsx,kma_climate_normals_1991_2020_annual.xlsx
52710,11.334,26.922,1357.104,"[""238"", ""244"", ""248""]","[""금산"", ""임실"", ""장수""]","[32.15, 33.41, 38.817]","[0.382857, 0.35452, 0.262624]",nearest_3_inverse_distance_squared,proxy,proxy,proxy,1991-2020,KMA climate normals fileset,kma_climate_normals_1991_2020_monthly.xlsx,kma_climate_normals_1991_2020_annual.xlsx
52720,11.044,26.685,1410.732,"[""248"", ""244"", ""238""]","[""장수"", ""임실"", ""금산""]","[17.876, 23.452, 35.135]","[0.543512, 0.315796, 0.140692]",nearest_3_inverse_distance_squared,proxy,proxy,proxy,1991-2020,KMA climate normals fileset,kma_climate_normals_1991_2020_monthly.xlsx,kma_climate_normals_1991_2020_annual.xlsx
52730,11.562,26.425,1347.573,"[""284"", ""238"", ""248""]","[""거창"", ""금산"", ""장수""]","[30.293, 32.881, 35.131]","[0.385755, 0.327416, 0.286829]",nearest_3_inverse_distance_squared,proxy,proxy,proxy,1991-2020,KMA climate normals fileset,kma_climate_normals_1991_2020_monthly.xlsx,kma_climate_normals_1991_2020_annual.xlsx
52740,10.705,26.4,1485.442,"[""248"", ""244"", ""264""]","[""장수"", ""임실"", ""함양군""]","[1.006, 22.553, 25.018]","[0.996404, 0.001984, 0.001612]",nearest_3_inverse_distance_squared,proxy,proxy,proxy,1991-2020,KMA climate normals fileset,kma_climate_normals_1991_2020_monthly.xlsx,kma_climate_normals_1991_2020_annual.xlsx
52750,11.305,26.894,1336.92,"[""244"", ""247"", ""248""]","[""임실"", ""남원"", ""장수""]","[2.075, 22.422, 23.324]","[0.983783, 0.008428, 0.007789]",nearest_3_inverse_distance_squared,proxy,proxy,proxy,1991-2020,KMA climate normals fileset,kma_climate_normals_1991_2020_monthly.xlsx,kma_climate_normals_1991_2020_annual.xlsx
52770,12.759,27.466,1467.071,"[""254"", ""247"", ""244""]","[""순창군"", ""남원"", ""임실""]","[4.148, 24.953, 27.092]","[0.9514, 0.026295, 0.022306]",nearest_3_inverse_distance_squared,proxy,proxy,proxy,1991-2020,KMA climate normals fileset,kma_climate_normals_1991_2020_monthly.xlsx,kma_climate_normals_1991_2020_annual.xlsx
52790,13.197,26.387,1249.888,"[""172"", ""252"", ""245""]","[""고창"", ""영광군"", ""정읍""]","[11.163, 22.063, 24.033]","[0.679451, 0.173949, 0.1466]",nearest_3_inverse_distance_squared,proxy,proxy,proxy,1991-2020,KMA climate normals fileset,kma_climate_normals_1991_2020_monthly.xlsx,kma_climate_normals_1991_2020_annual.xlsx
52800,13.051,26.184,1258.661,"[""243"", ""245"", ""172""]","[""부안"", ""정읍"", ""고창""]","[17.722, 27.107, 32.69]","[0.580938, 0.248316, 0.170746]",nearest_3_inverse_distance_squared,proxy,proxy,proxy,1991-2020,KMA climate normals fileset,kma_climate_normals_1991_2020_monthly.xlsx,kma_climate_normals_1991_2020_annual.xlsx
