region_id,land_cover_total_area_m2,forest_area_m2,farmland_area_m2,forest_ratio,farmland_ratio,forest_ratio_source_type,farmland_ratio_source_type,forest_ratio_missing_reason,farmland_ratio_missing_reason,land_cover_match_method,land_cover_source_regions,land_cover_source_period,land_cover_source_name
11110,23990643.009999998,10240264.780000001,78823.54000000001,0.42684411483808754,0.0032855951367015907,static_reference,static_reference,,,direct,"[{""province_name"": ""서울특별시"", ""region_name"": ""종로구"", ""weight"": 1.0}]",2024,2025년(2024년 기준) 국가토지피복통계 토지피복지도현황
11140,9990180.9,1132798.35,5298.71,0.11339117492857412,0.0005303917970094015,static_reference,static_reference,,,direct,"[{""province_name"": ""서울특별시"", ""region_name"": ""중구"", ""weight"": 1.0}]",2024,2025년(2024년 기준) 국가토지피복통계 토지피복지도현황
11170,21892570.490000002,4647079.170000001,14611.840000000002,0.21226740697821092,0.0006674337308482957,static_reference,static_reference,,,direct,"[{""province_name"": ""서울특별시"", ""region_name"": ""용산구"", ""weight"": 1.0}]",2024,2025년(2024년 기준) 국가토지피복통계 토지피복지도현황
11200,16817152.709999997,603112.4799999999,17948.19,0.03586293651489355,0.0010672549812387356,static_reference,static_reference,,,direct,"[{""province_name"": ""서울특별시"", ""region_name"": ""성동구"", ""weight"": 1.0}]",2024,2025년(2024년 기준) 국가토지피복통계 토지피복지도현황
11215,17049029.6,2280540.19,21759.229999999996,0.13376363602536062,0.0012762738120884014,static_reference,static_reference,,,direct,"[{""province_name"": ""서울특별시"", ""region_name"": ""광진구"", ""weight"": 1.0}]",2024,2025년(2024년 기준) 국가토지피복통계 토지피복지도현황
11230,14277374.160000004,965853.81,12159.930000000002,0.06764926093384666,0.0008516923254745044,static_reference,static_reference,,,direct,"[{""province_name"": ""서울특별시"", ""region_name"": ""동대문구"", ""weight"": 1.0}]",2024,2025년(2024년 기준) 국가토지피복통계 토지피복지도현황
11260,18537445.41,3529779.3,316223.20999999996,0.19041346970580234,0.017058618542413282,static_reference,static_reference,,,direct,"[{""province_name"": ""서울특별시"", ""region_name"": ""중랑구"", ""weight"": 1.0}]",2024,2025년(2024년 기준) 국가토지피복통계 토지피복지도현황
11290,24578799.45,7597943.129999999,87171.33,0.30912588490972853,0.003546606504411671,static_reference,static_reference,,,direct,"[{""province_name"": ""서울특별시"", ""region_name"": ""성북구"", ""weight"": 1.0}]",2024,2025년(2024년 기준) 국가토지피복통계 토지피복지도현황
11305,23638413.380000003,12620345.89,85079.45,0.5338914117086144,0.0035992030696943497,static_reference,static_reference,,,direct,"[{""province_name"": ""서울특별시"", ""region_name"": ""강북구"", ""weight"": 1.0}]",2024,2025년(2024년 기준) 국가토지피복통계 토지피복지도현황
11320,20705081.580000002,8857102.76,253910.54999999996,0.42777434736386094,0.012263199689358574,static_reference,static_reference,,,direct,"[{""province_name"": ""서울특별시"", ""region_name"": ""도봉구"", ""weight"": 1.0}]",2024,2025년(2024년 기준) 국가토지피복통계 토지피복지도현황
11350,35591266.32999998,14964073.559999999,301822.55,0.4204422911299095,0.008480241956032704,static_reference,static_reference,,,direct,"[{""province_name"": ""서울특별시"", ""region_name"": ""노원구"", ""weight"": 1.0}]",2024,2025년(2024년 기준) 국가토지피복통계 토지피복지도현황
11380,29795876.919999994,11582230.04,395496.86,0.38871922014906757,0.013273543217468764,static_reference,static_reference,,,direct,"[{""province_name"": ""서울특별시"", ""region_name"": ""은평구"", ""weight"": 1.0}]",2024,2025년(2024년 기준) 국가토지피복통계 토지피복지도현황
11410,17687798.689999998,4875965.96,43632.45,0.2756683319081805,0.0024668106396229005,static_reference,static_reference,,,direct,"[{""province_name"": ""서울특별시"", ""region_name"": ""서대문구"", ""weight"": 1.0}]",2024,2025년(2024년 기준) 국가토지피복통계 토지피복지도현황
11440,23862371.760000005,733387.1799999999,62692.87,0.03073404384845607,0.0026272690171180195,static_reference,static_reference,,,direct,"[{""province_name"": ""서울특별시"", ""region_name"": ""마포구"", ""weight"": 1.0}]",2024,2025년(2024년 기준) 국가토지피복통계 토지피복지도현황
11470,17462671.16,2068362.43,114905.04,0.11844479066511837,0.006580038010633878,static_reference,static_reference,,,direct,"[{""province_name"": ""서울특별시"", ""region_name"": ""양천구"", ""weight"": 1.0}]",2024,2025년(2024년 기준) 국가토지피복통계 토지피복지도현황
11500,41457278.79000001,3246888.34,3069542.1900000004,0.07831889682019333,0.07404109192860027,static_reference,static_reference,,,direct,"[{""province_name"": ""서울특별시"", ""region_name"": ""강서구"", ""weight"": 1.0}]",2024,2025년(2024년 기준) 국가토지피복통계 토지피복지도현황
11530,20097913.600000005,3314282.06,323389.7700000001,0.1649067722134102,0.016090713515655674,static_reference,static_reference,,,direct,"[{""province_name"": ""서울특별시"", ""region_name"": ""구로구"", ""weight"": 1.0}]",2024,2025년(2024년 기준) 국가토지피복통계 토지피복지도현황
11545,13020289.110000003,2663867.5,21985.56,0.20459357526508867,0.0016885615837143263,static_reference,static_reference,,,direct,"[{""province_name"": ""서울특별시"", ""region_name"": ""금천구"", ""weight"": 1.0}]",2024,2025년(2024년 기준) 국가토지피복통계 토지피복지도현황
11560,24523730.320000008,317009.21,12918.710000000001,0.01292663089438181,0.0005267840508531574,static_reference,static_reference,,,direct,"[{""province_name"": ""서울특별시"", ""region_name"": ""영등포구"", ""weight"": 1.0}]",2024,2025년(2024년 기준) 국가토지피복통계 토지피복지도현황
11590,16375774.409999998,2690276.41,25503.230000000003,0.16428391981005558,0.0015573755085699183,static_reference,static_reference,,,direct,"[{""province_name"": ""서울특별시"", ""region_name"": ""동작구"", ""weight"": 1.0}]",2024,2025년(2024년 기준) 국가토지피복통계 토지피복지도현황
11620,29585148.019999992,12951634.35,102369.91999999998,0.43777487073056065,0.0034601794093034933,static_reference,static_reference,,,direct,"[{""province_name"": ""서울특별시"", ""region_name"": ""관악구"", ""weight"": 1.0}]",2024,2025년(2024년 기준) 국가토지피복통계 토지피복지도현황
11650,46920262.3,18384896.669999998,2103027.0999999996,0.39183277690244284,0.04482129887837391,static_reference,static_reference,,,direct,"[{""province_name"": ""서울특별시"", ""region_name"": ""서초구"", ""weight"": 1.0}]",2024,2025년(2024년 기준) 국가토지피복통계 토지피복지도현황
11680,39488792.2,6457643.889999999,806994.83,0.16353105603467907,0.020436047421070525,static_reference,static_reference,,,direct,"[{""province_name"": ""서울특별시"", ""region_name"": ""강남구"", ""weight"": 1.0}]",2024,2025년(2024년 기준) 국가토지피복통계 토지피복지도현황
11710,33853023.440000005,1016695.3500000001,514830.0399999999,0.030032630668925562,0.01520780088999932,static_reference,static_reference,,,direct,"[{""province_name"": ""서울특별시"", ""region_name"": ""송파구"", ""weight"": 1.0}]",2024,2025년(2024년 기준) 국가토지피복통계 토지피복지도현황
11740,24557023.29,2615321.54,884060.33,0.10649994134529324,0.036000305067919326,static_reference,static_reference,,,direct,"[{""province_name"": ""서울특별시"", ""region_name"": ""강동구"", ""weight"": 1.0}]",2024,2025년(2024년 기준) 국가토지피복통계 토지피복지도현황
12110,54090352.89000001,11294581.11,5289044.79,0.20880952899251823,0.0977816654432997,static_reference,static_reference,,,direct,"[{""province_name"": ""전라남도"", ""region_name"": ""목포시"", ""weight"": 1.0}]",2024,2025년(2024년 기준) 국가토지피복통계 토지피복지도현황
12130,529041616.26000005,268909766.62999994,75312798.0,0.5082960552915046,0.14235703900274485,static_reference,static_reference,,,direct,"[{""province_name"": ""전라남도"", ""region_name"": ""여수시"", ""weight"": 1.0}]",2024,2025년(2024년 기준) 국가토지피복통계 토지피복지도현황
12150,911626463.8500001,539711733.19,139058019.5,0.5920316649328915,0.15253837510675944,static_reference,static_reference,,,direct,"[{""province_name"": ""전라남도"", ""region_name"": ""순천시"", ""weight"": 1.0}]",2024,2025년(2024년 기준) 국가토지피복통계 토지피복지도현황
12170,605809196.9999996,183703732.65999997,219637135.12999997,0.3032369491412658,0.36255166844223413,static_reference,static_reference,,,direct,"[{""province_name"": ""전라남도"", ""region_name"": ""나주시"", ""weight"": 1.0}]",2024,2025년(2024년 기준) 국가토지피복통계 토지피복지도현황
12190,470902606.16,255312354.74,52270790.88,0.5421765592294296,0.11100127753856558,static_reference,static_reference,,,direct,"[{""province_name"": ""전라남도"", ""region_name"": ""광양시"", ""weight"": 1.0}]",2024,2025년(2024년 기준) 국가토지피복통계 토지피복지도현황
12210,48737932.790000014,32743971.77,1755519.9799999997,0.6718375174237666,0.036019582274121296,static_reference,static_reference,,,direct,"[{""province_name"": ""광주광역시"", ""region_name"": ""동구"", ""weight"": 1.0}]",2024,2025년(2024년 기준) 국가토지피복통계 토지피복지도현황
12240,47523036.32999999,5839057.18,8232440.4799999995,0.12286793165852417,0.17323052388391028,static_reference,static_reference,,,direct,"[{""province_name"": ""광주광역시"", ""region_name"": ""서구"", ""weight"": 1.0}]",2024,2025년(2024년 기준) 국가토지피복통계 토지피복지도현황
12270,60581655.28999999,13890282.99,18136838.98,0.22928199837901792,0.2993783991734836,static_reference,static_reference,,,direct,"[{""province_name"": ""광주광역시"", ""region_name"": ""남구"", ""weight"": 1.0}]",2024,2025년(2024년 기준) 국가토지피복통계 토지피복지도현황
12300,119464122.93999998,48512211.029999994,15446793.039999997,0.4060818414442712,0.12930068592859498,static_reference,static_reference,,,direct,"[{""province_name"": ""광주광역시"", ""region_name"": ""북구"", ""weight"": 1.0}]",2024,2025년(2024년 기준) 국가토지피복통계 토지피복지도현황
12330,222065385.85,60506056.43000001,63693620.089999996,0.27246955304808484,0.2868237201678228,static_reference,static_reference,,,direct,"[{""province_name"": ""광주광역시"", ""region_name"": ""광산구"", ""weight"": 1.0}]",2024,2025년(2024년 기준) 국가토지피복통계 토지피복지도현황
12710,453516525.87,240394269.52,95799762.53,0.5300672760685875,0.21123764419879354,static_reference,static_reference,,,direct,"[{""province_name"": ""전라남도"", ""region_name"": ""담양군"", ""weight"": 1.0}]",2024,2025년(2024년 기준) 국가토지피복통계 토지피복지도현황
12720,548337330.0299999,346472834.91,82604598.89999999,0.6318607469074635,0.1506455868971763,static_reference,static_reference,,,direct,"[{""province_name"": ""전라남도"", ""region_name"": ""곡성군"", ""weight"": 1.0}]",2024,2025년(2024년 기준) 국가토지피복통계 토지피복지도현황
12730,439638218.25,315901883.87,50551171.57,0.7185496409467355,0.11498356937943487,static_reference,static_reference,,,direct,"[{""province_name"": ""전라남도"", ""region_name"": ""구례군"", ""weight"": 1.0}]",2024,2025년(2024년 기준) 국가토지피복통계 토지피복지도현황
12740,815437337.8499999,388149421.48999995,218244952.78000003,0.47600153129289285,0.26764159874678967,static_reference,static_reference,,,direct,"[{""province_name"": ""전라남도"", ""region_name"": ""고흥군"", ""weight"": 1.0}]",2024,2025년(2024년 기준) 국가토지피복통계 토지피복지도현황
12750,666368150.4599998,361937025.87,142106902.73,0.543148746860353,0.21325584458366195,static_reference,static_reference,,,direct,"[{""province_name"": ""전라남도"", ""region_name"": ""보성군"", ""weight"": 1.0}]",2024,2025년(2024년 기준) 국가토지피복통계 토지피복지도현황
12760,788145158.1700001,528534014.11,92562116.64,0.6706049115840627,0.11744298075105943,static_reference,static_reference,,,direct,"[{""province_name"": ""전라남도"", ""region_name"": ""화순군"", ""weight"": 1.0}]",2024,2025년(2024년 기준) 국가토지피복통계 토지피복지도현황
12770,622443615.4800001,355387727.50999993,118927234.13,0.5709556956993463,0.19106507187528743,static_reference,static_reference,,,direct,"[{""province_name"": ""전라남도"", ""region_name"": ""장흥군"", ""weight"": 1.0}]",2024,2025년(2024년 기준) 국가토지피복통계 토지피복지도현황
12780,501798102.02999985,248016121.45,130583820.71,0.4942548017751817,0.26023179478306013,static_reference,static_reference,,,direct,"[{""province_name"": ""전라남도"", ""region_name"": ""강진군"", ""weight"": 1.0}]",2024,2025년(2024년 기준) 국가토지피복통계 토지피복지도현황
12790,1048159110.47,357441717.57,379212122.9,0.3410185667419532,0.36178870088717663,static_reference,static_reference,,,direct,"[{""province_name"": ""전라남도"", ""region_name"": ""해남군"", ""weight"": 1.0}]",2024,2025년(2024년 기준) 국가토지피복통계 토지피복지도현황
12800,611621046.8000001,176879102.31,238162795.79999998,0.28919721326699116,0.3893960108895323,static_reference,static_reference,,,direct,"[{""province_name"": ""전라남도"", ""region_name"": ""영암군"", ""weight"": 1.0}]",2024,2025년(2024년 기준) 국가토지피복통계 토지피복지도현황
12810,456954636.39,115568278.03999999,186615871.60999998,0.25290973947218076,0.4083903668956928,static_reference,static_reference,,,direct,"[{""province_name"": ""전라남도"", ""region_name"": ""무안군"", ""weight"": 1.0}]",2024,2025년(2024년 기준) 국가토지피복통계 토지피복지도현황
12820,389928807.0199999,151552135.8,125906213.30000001,0.38866616949443983,0.32289538765352654,static_reference,static_reference,,,direct,"[{""province_name"": ""전라남도"", ""region_name"": ""함평군"", ""weight"": 1.0}]",2024,2025년(2024년 기준) 국가토지피복통계 토지피복지도현황
12830,480376529.44000006,177342934.19000003,165596622.46000004,0.3691748520618564,0.34472255056475104,static_reference,static_reference,,,direct,"[{""province_name"": ""전라남도"", ""region_name"": ""영광군"", ""weight"": 1.0}]",2024,2025년(2024년 기준) 국가토지피복통계 토지피복지도현황
12840,518047038.64,285417968.12,107415637.87,0.550949907694274,0.20734726744504184,static_reference,static_reference,,,direct,"[{""province_name"": ""전라남도"", ""region_name"": ""장성군"", ""weight"": 1.0}]",2024,2025년(2024년 기준) 국가토지피복통계 토지피복지도현황
12850,404287767.0300001,237109823.76999998,66728108.239999995,0.5864877523054149,0.16505101979760978,static_reference,static_reference,,,direct,"[{""province_name"": ""전라남도"", ""region_name"": ""완도군"", ""weight"": 1.0}]",2024,2025년(2024년 기준) 국가토지피복통계 토지피복지도현황
12860,451888190.03000003,226611360.95,110763681.98,0.5014766173352654,0.24511302668176968,static_reference,static_reference,,,direct,"[{""province_name"": ""전라남도"", ""region_name"": ""진도군"", ""weight"": 1.0}]",2024,2025년(2024년 기준) 국가토지피복통계 토지피복지도현황
12870,678984824.8100002,277738511.05,179426818.56,0.4090496589930701,0.2642574797017133,static_reference,static_reference,,,direct,"[{""province_name"": ""전라남도"", ""region_name"": ""신안군"", ""weight"": 1.0}]",2024,2025년(2024년 기준) 국가토지피복통계 토지피복지도현황
26110,3027355.8300000005,175782.48,11086.37,0.05806469073045833,0.003662063735665985,static_reference,static_reference,,,direct,"[{""province_name"": ""부산광역시"", ""region_name"": ""중구"", ""weight"": 1.0}]",2024,2025년(2024년 기준) 국가토지피복통계 토지피복지도현황
26140,14161651.340000002,6395778.860000001,371039.49,0.45162662929957437,0.026200298333287447,static_reference,static_reference,,,direct,"[{""province_name"": ""부산광역시"", ""region_name"": ""서구"", ""weight"": 1.0}]",2024,2025년(2024년 기준) 국가토지피복통계 토지피복지도현황
26170,10136366.500000002,2608960.9399999995,96105.53,0.25738620836174375,0.009481260370765006,static_reference,static_reference,,,direct,"[{""province_name"": ""부산광역시"", ""region_name"": ""동구"", ""weight"": 1.0}]",2024,2025년(2024년 기준) 국가토지피복통계 토지피복지도현황
26200,14646598.71,4845691.79,251802.85,0.3308407559969259,0.017191899292501336,static_reference,static_reference,,,direct,"[{""province_name"": ""부산광역시"", ""region_name"": ""영도구"", ""weight"": 1.0}]",2024,2025년(2024년 기준) 국가토지피복통계 토지피복지도현황
26230,29779250.04999999,11767784.989999998,258564.77,0.39516727151428055,0.008682715970545407,static_reference,static_reference,,,direct,"[{""province_name"": ""부산광역시"", ""region_name"": ""부산진구"", ""weight"": 1.0}]",2024,2025년(2024년 기준) 국가토지피복통계 토지피복지도현황
26260,16676644.310000004,4207183.57,130569.01,0.25227998461760076,0.007829453430370607,static_reference,static_reference,,,direct,"[{""province_name"": ""부산광역시"", ""region_name"": ""동래구"", ""weight"": 1.0}]",2024,2025년(2024년 기준) 국가토지피복통계 토지피복지도현황
26290,27267656.39,7639521.1899999995,279583.41000000003,0.2801678692416587,0.010253298119985588,static_reference,static_reference,,,direct,"[{""province_name"": ""부산광역시"", ""region_name"": ""남구"", ""weight"": 1.0}]",2024,2025년(2024년 기준) 국가토지피복통계 토지피복지도현황
26320,39759105.589999996,21781602.31,781813.7699999999,0.5478393436365026,0.019663766535951394,static_reference,static_reference,,,direct,"[{""province_name"": ""부산광역시"", ""region_name"": ""북구"", ""weight"": 1.0}]",2024,2025년(2024년 기준) 국가토지피복통계 토지피복지도현황
26350,52324658.70999999,28042557.32,1021072.23,0.5359338791949094,0.019514168943922005,static_reference,static_reference,,,direct,"[{""province_name"": ""부산광역시"", ""region_name"": ""해운대구"", ""weight"": 1.0}]",2024,2025년(2024년 기준) 국가토지피복통계 토지피복지도현황
26380,47491570.089999996,11524371.700000003,509326.3999999999,0.2426614171348826,0.010724564360259918,static_reference,static_reference,,,direct,"[{""province_name"": ""부산광역시"", ""region_name"": ""사하구"", ""weight"": 1.0}]",2024,2025년(2024년 기준) 국가토지피복통계 토지피복지도현황
26410,65724542.85999999,39412054.45,2934089.45,0.599655056315138,0.04464221921253848,static_reference,static_reference,,,direct,"[{""province_name"": ""부산광역시"", ""region_name"": ""금정구"", ""weight"": 1.0}]",2024,2025년(2024년 기준) 국가토지피복통계 토지피복지도현황
26440,185867908.79999995,36797600.67,42085537.29,0.19797715973441893,0.22642713076029405,static_reference,static_reference,,,direct,"[{""province_name"": ""부산광역시"", ""region_name"": ""강서구"", ""weight"": 1.0}]",2024,2025년(2024년 기준) 국가토지피복통계 토지피복지도현황
26470,12149190.95,2691741.0700000003,54681.33,0.2215572280555851,0.004500820690450997,static_reference,static_reference,,,direct,"[{""province_name"": ""부산광역시"", ""region_name"": ""연제구"", ""weight"": 1.0}]",2024,2025년(2024년 기준) 국가토지피복통계 토지피복지도현황
26500,10347574.109999996,2256278.98,34335.46,0.21804907662555517,0.0033182134899442644,static_reference,static_reference,,,direct,"[{""province_name"": ""부산광역시"", ""region_name"": ""수영구"", ""weight"": 1.0}]",2024,2025년(2024년 기준) 국가토지피복통계 토지피복지도현황
26530,36241272.03,11591421.870000001,818554.17,0.31984037040434976,0.022586242815164234,static_reference,static_reference,,,direct,"[{""province_name"": ""부산광역시"", ""region_name"": ""사상구"", ""weight"": 1.0}]",2024,2025년(2024년 기준) 국가토지피복통계 토지피복지도현황
26710,219904134.04999998,130513301.94,19717360.02,0.5935009021264009,0.08966343495623792,static_reference,static_reference,,,direct,"[{""province_name"": ""부산광역시"", ""region_name"": ""기장군"", ""weight"": 1.0}]",2024,2025년(2024년 기준) 국가토지피복통계 토지피복지도현황
27110,7048643.07,52511.62,5819.5599999999995,0.007449890635475177,0.0008256284141792981,static_reference,static_reference,,,direct,"[{""province_name"": ""대구광역시"", ""region_name"": ""중구"", ""weight"": 1.0}]",2024,2025년(2024년 기준) 국가토지피복통계 토지피복지도현황
27140,181754494.95999998,111143981.5,18704234.410000004,0.6115060952107966,0.10290933610261677,static_reference,static_reference,,,direct,"[{""province_name"": ""대구광역시"", ""region_name"": ""동구"", ""weight"": 1.0}]",2024,2025년(2024년 기준) 국가토지피복통계 토지피복지도현황
27170,17422333.009999998,1639144.34,123843.49,0.09408294165076347,0.007108318382441481,static_reference,static_reference,,,direct,"[{""province_name"": ""대구광역시"", ""region_name"": ""서구"", ""weight"": 1.0}]",2024,2025년(2024년 기준) 국가토지피복통계 토지피복지도현황
27200,17818020.67000001,7726324.55,63120.600000000006,0.43362417706747425,0.0035425146916725388,static_reference,static_reference,,,direct,"[{""province_name"": ""대구광역시"", ""region_name"": ""남구"", ""weight"": 1.0}]",2024,2025년(2024년 기준) 국가토지피복통계 토지피복지도현황
27230,93774122.88999999,42924515.03,4318468.4799999995,0.45774371124059265,0.04605181415629661,static_reference,static_reference,,,direct,"[{""province_name"": ""대구광역시"", ""region_name"": ""북구"", ""weight"": 1.0}]",2024,2025년(2024년 기준) 국가토지피복통계 토지피복지도현황
27260,76870991.94000001,37540361.13,5470066.029999999,0.48835536244024685,0.0711590405164739,static_reference,static_reference,,,direct,"[{""province_name"": ""대구광역시"", ""region_name"": ""수성구"", ""weight"": 1.0}]",2024,2025년(2024년 기준) 국가토지피복통계 토지피복지도현황
27290,62582997.89999999,19345283.19,1034468.7700000001,0.3091140379837893,0.01652954963347961,static_reference,static_reference,,,direct,"[{""province_name"": ""대구광역시"", ""region_name"": ""달서구"", ""weight"": 1.0}]",2024,2025년(2024년 기준) 국가토지피복통계 토지피복지도현황
27710,423249030.05000013,244056904.3,55831881.120000005,0.5766272028341531,0.1319126026429508,static_reference,static_reference,,,direct,"[{""province_name"": ""대구광역시"", ""region_name"": ""달성군"", ""weight"": 1.0}]",2024,2025년(2024년 기준) 국가토지피복통계 토지피복지도현황
27720,613735377.1999999,438397288.66,79103132.96,0.7143099533549263,0.12888801248656453,static_reference,static_reference,,,direct,"[{""province_name"": ""대구광역시"", ""region_name"": ""군위군"", ""weight"": 1.0}]",2024,2025년(2024년 기준) 국가토지피복통계 토지피복지도현황
28125,81405066.58500001,12973520.34,3640233.195,0.15936993708436506,0.0447175261652665,proxy,proxy,,,weighted_proxy,"[{""province_name"": ""인천광역시"", ""region_name"": ""동구"", ""weight"": 1.0}, {""province_name"": ""인천광역시"", ""region_name"": ""중구"", ""weight"": 0.5}]",2024,2025년(2024년 기준) 국가토지피복통계 토지피복지도현황
28155,74258506.09500001,12973520.34,3636103.9749999996,0.17470753213649062,0.04896548781022174,proxy,proxy,,,weighted_proxy,"[{""province_name"": ""인천광역시"", ""region_name"": ""중구"", ""weight"": 0.5}]",2024,2025년(2024년 기준) 국가토지피복통계 토지피복지도현황
28177,24955119.22999999,1708826.2200000002,90658.36000000002,0.06847597898653682,0.0036328562153698056,static_reference,static_reference,,,direct,"[{""province_name"": ""인천광역시"", ""region_name"": ""미추홀구"", ""weight"": 1.0}]",2024,2025년(2024년 기준) 국가토지피복통계 토지피복지도현황
28185,63191075.39000001,3315091.5399999996,645880.09,0.05246138825047774,0.010221065016124263,static_reference,static_reference,,,direct,"[{""province_name"": ""인천광역시"", ""region_name"": ""연수구"", ""weight"": 1.0}]",2024,2025년(2024년 기준) 국가토지피복통계 토지피복지도현황
28200,57605225.06000001,10821569.85,5682470.5,0.18785743547965575,0.0986450533624562,static_reference,static_reference,,,direct,"[{""province_name"": ""인천광역시"", ""region_name"": ""남동구"", ""weight"": 1.0}]",2024,2025년(2024년 기준) 국가토지피복통계 토지피복지도현황
28237,32114332.58,7417743.609999999,743664.75,0.23097922373201005,0.02315678671345441,static_reference,static_reference,,,direct,"[{""province_name"": ""인천광역시"", ""region_name"": ""부평구"", ""weight"": 1.0}]",2024,2025년(2024년 기준) 국가토지피복통계 토지피복지도현황
28245,45534295.19,10506827.160000002,9350674.46,0.23074535613559813,0.20535454476637088,static_reference,static_reference,,,direct,"[{""province_name"": ""인천광역시"", ""region_name"": ""계양구"", ""weight"": 1.0}]",2024,2025년(2024년 기준) 국가토지피복통계 토지피복지도현황
28275,86223799.415,12583202.612500004,5284878.079,0.14593653605933485,0.06129256788562035,proxy,proxy,,,weighted_proxy,"[{""province_name"": ""인천광역시"", ""region_name"": ""서구"", ""weight"": 0.65}]",2024,2025년(2024년 기준) 국가토지피복통계 토지피복지도현황
28290,46428199.685,6775570.637500002,2845703.581,0.14593653605933485,0.06129256788562035,proxy,proxy,,,weighted_proxy,"[{""province_name"": ""인천광역시"", ""region_name"": ""서구"", ""weight"": 0.35}]",2024,2025년(2024년 기준) 국가토지피복통계 토지피복지도현황
28710,413234284.10999995,157569269.47000003,160125058.16,0.38130734919384435,0.3874921910336362,static_reference,static_reference,,,direct,"[{""province_name"": ""인천광역시"", ""region_name"": ""강화군"", ""weight"": 1.0}]",2024,2025년(2024년 기준) 국가토지피복통계 토지피복지도현황
28720,185321528.21999997,113597233.54,23108136.93,0.6129737577230951,0.12469213454018,static_reference,static_reference,,,direct,"[{""province_name"": ""인천광역시"", ""region_name"": ""옹진군"", ""weight"": 1.0}]",2024,2025년(2024년 기준) 국가토지피복통계 토지피복지도현황
30110,137203823.68,78384411.34,9902422.719999999,0.5712990297035431,0.07217308129178225,static_reference,static_reference,,,direct,"[{""province_name"": ""대전광역시"", ""region_name"": ""동구"", ""weight"": 1.0}]",2024,2025년(2024년 기준) 국가토지피복통계 토지피복지도현황
30140,62095048.17,33011169.379999995,4552356.46,0.5316232188052105,0.07331271323820925,static_reference,static_reference,,,direct,"[{""province_name"": ""대전광역시"", ""region_name"": ""중구"", ""weight"": 1.0}]",2024,2025년(2024년 기준) 국가토지피복통계 토지피복지도현황
30170,95428554.96000001,42952855.46,8753032.080000002,0.4501048504612083,0.09172340588903329,static_reference,static_reference,,,direct,"[{""province_name"": ""대전광역시"", ""region_name"": ""서구"", ""weight"": 1.0}]",2024,2025년(2024년 기준) 국가토지피복통계 토지피복지도현황
30200,176057712.91000006,84831461.99000001,19921592.57,0.4818389412644789,0.11315376214266644,static_reference,static_reference,,,direct,"[{""province_name"": ""대전광역시"", ""region_name"": ""유성구"", ""weight"": 1.0}]",2024,2025년(2024년 기준) 국가토지피복통계 토지피복지도현황
30230,69134210.68000002,24589567.64,4368196.61,0.35567872111561644,0.063184298584372,static_reference,static_reference,,,direct,"[{""province_name"": ""대전광역시"", ""region_name"": ""대덕구"", ""weight"": 1.0}]",2024,2025년(2024년 기준) 국가토지피복통계 토지피복지도현황
31110,36990842.99,12018133.110000001,3699263.19,0.3248948155425641,0.1000048360887598,static_reference,static_reference,,,direct,"[{""province_name"": ""울산광역시"", ""region_name"": ""중구"", ""weight"": 1.0}]",2024,2025년(2024년 기준) 국가토지피복통계 토지피복지도현황
31140,74563525.11999999,12452553.950000001,1496449.18,0.16700597148484178,0.0200694532291984,static_reference,static_reference,,,direct,"[{""province_name"": ""울산광역시"", ""region_name"": ""남구"", ""weight"": 1.0}]",2024,2025년(2024년 기준) 국가토지피복통계 토지피복지도현황
31170,36702661.27,16892094.35,1396402.2600000002,0.46024167636604735,0.03804634900252834,static_reference,static_reference,,,direct,"[{""province_name"": ""울산광역시"", ""region_name"": ""동구"", ""weight"": 1.0}]",2024,2025년(2024년 기준) 국가토지피복통계 토지피복지도현황
31200,158134647.81,91227618.96,15832147.69,0.5768983598686778,0.10011814557567704,static_reference,static_reference,,,direct,"[{""province_name"": ""울산광역시"", ""region_name"": ""북구"", ""weight"": 1.0}]",2024,2025년(2024년 기준) 국가토지피복통계 토지피복지도현황
31710,757927074.4799999,482501391.02,84702062.88,0.636606617267282,0.11175489797367716,static_reference,static_reference,,,direct,"[{""province_name"": ""울산광역시"", ""region_name"": ""울주군"", ""weight"": 1.0}]",2024,2025년(2024년 기준) 국가토지피복통계 토지피복지도현황
36110,465215485.70000005,192920468.64,85300486.15000002,0.4146905564627037,0.18335693624138533,static_reference,static_reference,,,name_alias,"[{""province_name"": ""세종특별자치시"", ""region_name"": ""세종시"", ""weight"": 1.0}]",2024,2025년(2024년 기준) 국가토지피복통계 토지피복지도현황
41110,121067359.14999998,23912710.990000002,15447163.27,0.19751575616985784,0.12759147782236896,static_reference,static_reference,,,general_district_rollup,"[{""province_name"": ""경기도"", ""region_name"": ""수원시 장안구"", ""weight"": 1.0}, {""province_name"": ""경기도"", ""region_name"": ""수원시 권선구"", ""weight"": 1.0}, {""province_name"": ""경기도"", ""region_name"": ""수원시 팔달구"", ""weight"": 1.0}, {""province_name"": ""경기도"", ""region_name"": ""수원시 영통구"", ""weight"": 1.0}]",2024,2025년(2024년 기준) 국가토지피복통계 토지피복지도현황
41130,141505727.5,69829182.61000001,5837886.6899999995,0.49347248230641416,0.04125547985328014,static_reference,static_reference,,,general_district_rollup,"[{""province_name"": ""경기도"", ""region_name"": ""성남시 수정구"", ""weight"": 1.0}, {""province_name"": ""경기도"", ""region_name"": ""성남시 중원구"", ""weight"": 1.0}, {""province_name"": ""경기도"", ""region_name"": ""성남시 분당구"", ""weight"": 1.0}]",2024,2025년(2024년 기준) 국가토지피복통계 토지피복지도현황
41150,81821331.71999998,43898555.7,3644335.349999999,0.5365172477297833,0.04454016175722054,static_reference,static_reference,,,direct,"[{""province_name"": ""경기도"", ""region_name"": ""의정부시"", ""weight"": 1.0}]",2024,2025년(2024년 기준) 국가토지피복통계 토지피복지도현황
41170,58519134.90999998,28222085.560000002,768883.4299999999,0.48227106575318324,0.013139008824763232,static_reference,static_reference,,,general_district_rollup,"[{""province_name"": ""경기도"", ""region_name"": ""안양시 만안구"", ""weight"": 1.0}, {""province_name"": ""경기도"", ""region_name"": ""안양시 동안구"", ""weight"": 1.0}]",2024,2025년(2024년 기준) 국가토지피복통계 토지피복지도현황
41190,53590533.27999999,7262721.790000001,5553731.4799999995,0.13552247655483682,0.10363269667392272,static_reference,static_reference,,,general_district_rollup,"[{""province_name"": ""경기도"", ""region_name"": ""부천시 원미구"", ""weight"": 1.0}, {""province_name"": ""경기도"", ""region_name"": ""부천시 소사구"", ""weight"": 1.0}, {""province_name"": ""경기도"", ""region_name"": ""부천시 오정구"", ""weight"": 1.0}]",2024,2025년(2024년 기준) 국가토지피복통계 토지피복지도현황
41210,38549810.04,11652632.439999998,4850602.11,0.30227470454222755,0.12582687450254426,static_reference,static_reference,,,direct,"[{""province_name"": ""경기도"", ""region_name"": ""광명시"", ""weight"": 1.0}]",2024,2025년(2024년 기준) 국가토지피복통계 토지피복지도현황
41220,459407073.90999997,41044335.120000005,179501283.35,0.0893419745818733,0.3907238123746548,static_reference,static_reference,,,direct,"[{""province_name"": ""경기도"", ""region_name"": ""평택시"", ""weight"": 1.0}]",2024,2025년(2024년 기준) 국가토지피복통계 토지피복지도현황
41250,95920809.49000002,64805698.480000004,5166653.06,0.675616676136956,0.05386373496502483,static_reference,static_reference,,,direct,"[{""province_name"": ""경기도"", ""region_name"": ""동두천시"", ""weight"": 1.0}]",2024,2025년(2024년 기준) 국가토지피복통계 토지피복지도현황
41270,172867382.76999998,42795646.000000015,30018384.209999997,0.24756345190312515,0.17364978707370987,static_reference,static_reference,,,general_district_rollup,"[{""province_name"": ""경기도"", ""region_name"": ""안산시 상록구"", ""weight"": 1.0}, {""province_name"": ""경기도"", ""region_name"": ""안산시 단원구"", ""weight"": 1.0}]",2024,2025년(2024년 기준) 국가토지피복통계 토지피복지도현황
41280,266571697.25,78813623.59,46143803.940000005,0.29565638214054624,0.17310091212243278,static_reference,static_reference,,,general_district_rollup,"[{""province_name"": ""경기도"", ""region_name"": ""고양시 덕양구"", ""weight"": 1.0}, {""province_name"": ""경기도"", ""region_name"": ""고양시 일산동구"", ""weight"": 1.0}, {""province_name"": ""경기도"", ""region_name"": ""고양시 일산서구"", ""weight"": 1.0}]",2024,2025년(2024년 기준) 국가토지피복통계 토지피복지도현황
41290,35848341.49,19794950.39,2092020.3800000001,0.5521859468874414,0.058357522079050025,static_reference,static_reference,,,direct,"[{""province_name"": ""경기도"", ""region_name"": ""과천시"", ""weight"": 1.0}]",2024,2025년(2024년 기준) 국가토지피복통계 토지피복지도현황
41310,33193859.970000006,9472436.569999998,3332024.47,0.28536713050428636,0.10038074731325076,static_reference,static_reference,,,direct,"[{""province_name"": ""경기도"", ""region_name"": ""구리시"", ""weight"": 1.0}]",2024,2025년(2024년 기준) 국가토지피복통계 토지피복지도현황
41360,459691257.4399999,275432591.58,34183204.05,0.5991686531387866,0.07436122287894865,static_reference,static_reference,,,direct,"[{""province_name"": ""경기도"", ""region_name"": ""남양주시"", ""weight"": 1.0}]",2024,2025년(2024년 기준) 국가토지피복통계 토지피복지도현황
41370,42662649.22,7787413.59,5338728.880000001,0.18253469328269717,0.1251382410049031,static_reference,static_reference,,,direct,"[{""province_name"": ""경기도"", ""region_name"": ""오산시"", ""weight"": 1.0}]",2024,2025년(2024년 기준) 국가토지피복통계 토지피복지도현황
41390,141636323.07999998,29720118.530000005,24202217.459999997,0.20983401632936552,0.1708757819583465,static_reference,static_reference,,,direct,"[{""province_name"": ""경기도"", ""region_name"": ""시흥시"", ""weight"": 1.0}]",2024,2025년(2024년 기준) 국가토지피복통계 토지피복지도현황
41410,36403770.989999995,14496324.320000002,2592304.2699999996,0.39820941418354977,0.07120977304005395,static_reference,static_reference,,,direct,"[{""province_name"": ""경기도"", ""region_name"": ""군포시"", ""weight"": 1.0}]",2024,2025년(2024년 기준) 국가토지피복통계 토지피복지도현황
41430,53903562.41999999,28123135.8,4052659.0699999994,0.5217305598630602,0.07518351084892916,static_reference,static_reference,,,direct,"[{""province_name"": ""경기도"", ""region_name"": ""의왕시"", ""weight"": 1.0}]",2024,2025년(2024년 기준) 국가토지피복통계 토지피복지도현황
41450,92835038.82000001,43144658.44,6422941.95,0.4647454128139502,0.0691866134989569,static_reference,static_reference,,,direct,"[{""province_name"": ""경기도"", ""region_name"": ""하남시"", ""weight"": 1.0}]",2024,2025년(2024년 기준) 국가토지피복통계 토지피복지도현황
41460,591772157.93,274938171.41,77303291.42,0.46460139721970856,0.13063015957088017,static_reference,static_reference,,,general_district_rollup,"[{""province_name"": ""경기도"", ""region_name"": ""용인시 처인구"", ""weight"": 1.0}, {""province_name"": ""경기도"", ""region_name"": ""용인시 기흥구"", ""weight"": 1.0}, {""province_name"": ""경기도"", ""region_name"": ""용인시 수지구"", ""weight"": 1.0}]",2024,2025년(2024년 기준) 국가토지피복통계 토지피복지도현황
41480,688749662.0300001,290441543.64,148699999.23000002,0.4216939181994824,0.21589847142970076,static_reference,static_reference,,,direct,"[{""province_name"": ""경기도"", ""region_name"": ""파주시"", ""weight"": 1.0}]",2024,2025년(2024년 기준) 국가토지피복통계 토지피복지도현황
41500,461892468.5,130650808.45,165083997.29,0.28285979391326665,0.3574078569111806,static_reference,static_reference,,,direct,"[{""province_name"": ""경기도"", ""region_name"": ""이천시"", ""weight"": 1.0}]",2024,2025년(2024년 기준) 국가토지피복통계 토지피복지도현황
41550,553345502.97,211234000.32,144844087.69,0.3817397976241476,0.26176066655023095,static_reference,static_reference,,,direct,"[{""province_name"": ""경기도"", ""region_name"": ""안성시"", ""weight"": 1.0}]",2024,2025년(2024년 기준) 국가토지피복통계 토지피복지도현황
41570,280673497.12,53106853.10999999,74610002.30999999,0.18921221153735981,0.26582489289361366,static_reference,static_reference,,,direct,"[{""province_name"": ""경기도"", ""region_name"": ""김포시"", ""weight"": 1.0}]",2024,2025년(2024년 기준) 국가토지피복통계 토지피복지도현황
41590,794053974.59,152256737.54999998,224258339.53999996,0.19174608077318153,0.28242203517184455,static_reference,static_reference,,,direct,"[{""province_name"": ""경기도"", ""region_name"": ""화성시"", ""weight"": 1.0}]",2024,2025년(2024년 기준) 국가토지피복통계 토지피복지도현황
41610,429995893.7600001,260088508.14999998,29989387.699999996,0.6048627717714137,0.06974342810059114,static_reference,static_reference,,,direct,"[{""province_name"": ""경기도"", ""region_name"": ""광주시"", ""weight"": 1.0}]",2024,2025년(2024년 기준) 국가토지피복통계 토지피복지도현황
41630,310485084.08000004,157148271.46999997,40835597.40999999,0.5061379097667342,0.13152192972812254,static_reference,static_reference,,,direct,"[{""province_name"": ""경기도"", ""region_name"": ""양주시"", ""weight"": 1.0}]",2024,2025년(2024년 기준) 국가토지피복통계 토지피복지도현황
41650,825818528.44,529477376.1,102220562.27999999,0.6411546336944041,0.12378090192902087,static_reference,static_reference,,,direct,"[{""province_name"": ""경기도"", ""region_name"": ""포천시"", ""weight"": 1.0}]",2024,2025년(2024년 기준) 국가토지피복통계 토지피복지도현황
41670,607398961.7399999,248006554.47,155051641.87,0.4083091511377335,0.2552714963914782,static_reference,static_reference,,,direct,"[{""province_name"": ""경기도"", ""region_name"": ""여주시"", ""weight"": 1.0}]",2024,2025년(2024년 기준) 국가토지피복통계 토지피복지도현황
41800,684610363.48,413033194.88,123269260.16999997,0.6033113387014426,0.18005754330594664,static_reference,static_reference,,,direct,"[{""province_name"": ""경기도"", ""region_name"": ""연천군"", ""weight"": 1.0}]",2024,2025년(2024년 기준) 국가토지피복통계 토지피복지도현황
41820,840775175.1,659955144.72,37744167.370000005,0.7849365255598875,0.04489210491438546,static_reference,static_reference,,,direct,"[{""province_name"": ""경기도"", ""region_name"": ""가평군"", ""weight"": 1.0}]",2024,2025년(2024년 기준) 국가토지피복통계 토지피복지도현황
41830,876846042.8899997,594914484.06,91678206.95,0.6784708545860791,0.10455450839218879,static_reference,static_reference,,,direct,"[{""province_name"": ""경기도"", ""region_name"": ""양평군"", ""weight"": 1.0}]",2024,2025년(2024년 기준) 국가토지피복통계 토지피복지도현황
43110,940060150.5799999,349428829.15,195143716.94,0.3717090113163597,0.20758641542203432,static_reference,static_reference,,,general_district_rollup,"[{""province_name"": ""충청북도"", ""region_name"": ""청주시 상당구"", ""weight"": 1.0}, {""province_name"": ""충청북도"", ""region_name"": ""청주시 서원구"", ""weight"": 1.0}, {""province_name"": ""충청북도"", ""region_name"": ""청주시 흥덕구"", ""weight"": 1.0}, {""province_name"": ""충청북도"", ""region_name"": ""청주시 청원구"", ""weight"": 1.0}]",2024,2025년(2024년 기준) 국가토지피복통계 토지피복지도현황
43130,981726451.5700003,534871349.26000005,161260986.71999997,0.5448272768902387,0.16426264817669683,static_reference,static_reference,,,direct,"[{""province_name"": ""충청북도"", ""region_name"": ""충주시"", ""weight"": 1.0}]",2024,2025년(2024년 기준) 국가토지피복통계 토지피복지도현황
43150,882849644.39,588621241.77,91897327.45999998,0.6667287521837363,0.10409170807730904,static_reference,static_reference,,,direct,"[{""province_name"": ""충청북도"", ""region_name"": ""제천시"", ""weight"": 1.0}]",2024,2025년(2024년 기준) 국가토지피복통계 토지피복지도현황
43720,583726077.75,358657840.34,96791083.97,0.6144283320739476,0.1658159326084691,static_reference,static_reference,,,direct,"[{""province_name"": ""충청북도"", ""region_name"": ""보은군"", ""weight"": 1.0}]",2024,2025년(2024년 기준) 국가토지피복통계 토지피복지도현황
43730,541705875.6700001,311869372.68,79365424.53999999,0.5757171680928685,0.1465101785020112,static_reference,static_reference,,,direct,"[{""province_name"": ""충청북도"", ""region_name"": ""옥천군"", ""weight"": 1.0}]",2024,2025년(2024년 기준) 국가토지피복통계 토지피복지도현황
43740,852790823.92,589069423.39,93817780.10000001,0.6907548801735939,0.11001265195226939,static_reference,static_reference,,,direct,"[{""province_name"": ""충청북도"", ""region_name"": ""영동군"", ""weight"": 1.0}]",2024,2025년(2024년 기준) 국가토지피복통계 토지피복지도현황
43745,81900346.05,34047618.660000004,19395028.340000004,0.41572008302888,0.23681253224692578,static_reference,static_reference,,,direct,"[{""province_name"": ""충청북도"", ""region_name"": ""증평군"", ""weight"": 1.0}]",2024,2025년(2024년 기준) 국가토지피복통계 토지피복지도현황
43750,408150338.93000007,196695919.06,80483806.99,0.4819202639293517,0.1971915721079516,static_reference,static_reference,,,direct,"[{""province_name"": ""충청북도"", ""region_name"": ""진천군"", ""weight"": 1.0}]",2024,2025년(2024년 기준) 국가토지피복통계 토지피복지도현황
43760,842156973.12,558607065.73,111464586.47,0.6633051599163133,0.13235606903193958,static_reference,static_reference,,,direct,"[{""province_name"": ""충청북도"", ""region_name"": ""괴산군"", ""weight"": 1.0}]",2024,2025년(2024년 기준) 국가토지피복통계 토지피복지도현황
43770,519471807.14000005,214523140.29,126772817.1,0.4129639709825196,0.24404176580430695,static_reference,static_reference,,,direct,"[{""province_name"": ""충청북도"", ""region_name"": ""음성군"", ""weight"": 1.0}]",2024,2025년(2024년 기준) 국가토지피복통계 토지피복지도현황
43800,780633624.2099998,604455285.6,52812352.830000006,0.7743136688631725,0.0676531873495022,static_reference,static_reference,,,direct,"[{""province_name"": ""충청북도"", ""region_name"": ""단양군"", ""weight"": 1.0}]",2024,2025년(2024년 기준) 국가토지피복통계 토지피복지도현황
44130,636704403.28,261005587.57999998,138130447.04,0.4099321227172651,0.21694595848311596,static_reference,static_reference,,,general_district_rollup,"[{""province_name"": ""충청남도"", ""region_name"": ""천안시 동남구"", ""weight"": 1.0}, {""province_name"": ""충청남도"", ""region_name"": ""천안시 서북구"", ""weight"": 1.0}]",2024,2025년(2024년 기준) 국가토지피복통계 토지피복지도현황
44150,863830724.22,473699255.6600001,142135946.52999997,0.548370464696922,0.1645414345019301,static_reference,static_reference,,,direct,"[{""province_name"": ""충청남도"", ""region_name"": ""공주시"", ""weight"": 1.0}]",2024,2025년(2024년 기준) 국가토지피복통계 토지피복지도현황
44180,584456781.9499999,265889041.32,132020870.85,0.4549336230351874,0.22588645546984915,static_reference,static_reference,,,direct,"[{""province_name"": ""충청남도"", ""region_name"": ""보령시"", ""weight"": 1.0}]",2024,2025년(2024년 기준) 국가토지피복통계 토지피복지도현황
44200,543241489.26,163856905.87,161051094.51999998,0.3016281140330515,0.2964631709911972,static_reference,static_reference,,,direct,"[{""province_name"": ""충청남도"", ""region_name"": ""아산시"", ""weight"": 1.0}]",2024,2025년(2024년 기준) 국가토지피복통계 토지피복지도현황
44210,744644136.5299999,202290813.94,290802238.32,0.2716610579687955,0.39052511670221723,static_reference,static_reference,,,direct,"[{""province_name"": ""충청남도"", ""region_name"": ""서산시"", ""weight"": 1.0}]",2024,2025년(2024년 기준) 국가토지피복통계 토지피복지도현황
44230,553899406.83,175110420.40999997,200702997.95,0.3161411950450851,0.3623455729960706,static_reference,static_reference,,,direct,"[{""province_name"": ""충청남도"", ""region_name"": ""논산시"", ""weight"": 1.0}]",2024,2025년(2024년 기준) 국가토지피복통계 토지피복지도현황
44250,60810374.99999999,39860275.449999996,4149898.74,0.6554847828187214,0.06824326835675656,static_reference,static_reference,,,direct,"[{""province_name"": ""충청남도"", ""region_name"": ""계룡시"", ""weight"": 1.0}]",2024,2025년(2024년 기준) 국가토지피복통계 토지피복지도현황
44270,710101283.4800003,151778576.14000002,290879263.1500001,0.2137421515367178,0.40963066807101833,static_reference,static_reference,,,direct,"[{""province_name"": ""충청남도"", ""region_name"": ""당진시"", ""weight"": 1.0}]",2024,2025년(2024년 기준) 국가토지피복통계 토지피복지도현황
44710,576693834.7099999,350280603.38,78082881.42999999,0.6073943959469316,0.13539746175588172,static_reference,static_reference,,,direct,"[{""province_name"": ""충청남도"", ""region_name"": ""금산군"", ""weight"": 1.0}]",2024,2025년(2024년 기준) 국가토지피복통계 토지피복지도현황
44760,624532028.62,218411152.92000005,193815791.01,0.3497196987680732,0.3103376322240285,static_reference,static_reference,,,direct,"[{""province_name"": ""충청남도"", ""region_name"": ""부여군"", ""weight"": 1.0}]",2024,2025년(2024년 기준) 국가토지피복통계 토지피복지도현황
44770,367904176.62000006,112942106.13999999,128813277.85999998,0.30698783356475823,0.35012725064289857,static_reference,static_reference,,,direct,"[{""province_name"": ""충청남도"", ""region_name"": ""서천군"", ""weight"": 1.0}]",2024,2025년(2024년 기준) 국가토지피복통계 토지피복지도현황
44790,479699649.62000006,244189652.10000002,96244095.39999999,0.5090469678129593,0.2006340748346198,static_reference,static_reference,,,direct,"[{""province_name"": ""충청남도"", ""region_name"": ""청양군"", ""weight"": 1.0}]",2024,2025년(2024년 기준) 국가토지피복통계 토지피복지도현황
44800,443818651.40000015,134206932.37,149136844.4,0.3023913752760323,0.33603104315142346,static_reference,static_reference,,,direct,"[{""province_name"": ""충청남도"", ""region_name"": ""홍성군"", ""weight"": 1.0}]",2024,2025년(2024년 기준) 국가토지피복통계 토지피복지도현황
44810,543520596.66,198398145.82999998,181845621.35000005,0.36502415372882036,0.33456988100812274,static_reference,static_reference,,,direct,"[{""province_name"": ""충청남도"", ""region_name"": ""예산군"", ""weight"": 1.0}]",2024,2025년(2024년 기준) 국가토지피복통계 토지피복지도현황
44825,536248021.2700001,172311057.23,171142040.49,0.32132716652625487,0.3191471738854776,static_reference,static_reference,,,direct,"[{""province_name"": ""충청남도"", ""region_name"": ""태안군"", ""weight"": 1.0}]",2024,2025년(2024년 기준) 국가토지피복통계 토지피복지도현황
47110,1134484678.0200002,751691987.16,135366201.82,0.6625845211694856,0.1193195504907591,static_reference,static_reference,,,general_district_rollup,"[{""province_name"": ""경상북도"", ""region_name"": ""포항시 남구"", ""weight"": 1.0}, {""province_name"": ""경상북도"", ""region_name"": ""포항시 북구"", ""weight"": 1.0}]",2024,2025년(2024년 기준) 국가토지피복통계 토지피복지도현황
47130,1321682260.4199994,828551788.43,196409927.10000002,0.6268918129889296,0.14860600991768294,static_reference,static_reference,,,direct,"[{""province_name"": ""경상북도"", ""region_name"": ""경주시"", ""weight"": 1.0}]",2024,2025년(2024년 기준) 국가토지피복통계 토지피복지도현황
47150,1005537201.5,650308442.9,164871872.24999997,0.6467273830644047,0.16396397070546373,static_reference,static_reference,,,direct,"[{""province_name"": ""경상북도"", ""region_name"": ""김천시"", ""weight"": 1.0}]",2024,2025년(2024년 기준) 국가토지피복통계 토지피복지도현황
47170,1528418447.1400003,1022651948.6600002,200025950.26999998,0.6690916028745937,0.13087119606825706,static_reference,static_reference,,,direct,"[{""province_name"": ""경상북도"", ""region_name"": ""안동시"", ""weight"": 1.0}]",2024,2025년(2024년 기준) 국가토지피복통계 토지피복지도현황
47190,613885226.6400001,309341917.25,113249732.81,0.5039083917088739,0.18448030331313525,static_reference,static_reference,,,direct,"[{""province_name"": ""경상북도"", ""region_name"": ""구미시"", ""weight"": 1.0}]",2024,2025년(2024년 기준) 국가토지피복통계 토지피복지도현황
47210,673253672.4999999,411536258.56000006,136518691.59,0.611264780824497,0.20277452194662932,static_reference,static_reference,,,direct,"[{""province_name"": ""경상북도"", ""region_name"": ""영주시"", ""weight"": 1.0}]",2024,2025년(2024년 기준) 국가토지피복통계 토지피복지도현황
47230,916102407.8799998,582936563.9499999,150721292.85,0.6363224885512568,0.16452450245032318,static_reference,static_reference,,,direct,"[{""province_name"": ""경상북도"", ""region_name"": ""영천시"", ""weight"": 1.0}]",2024,2025년(2024년 기준) 국가토지피복통계 토지피복지도현황
47250,1252774151.1599998,748105722.7199999,262241448.35000002,0.5971592900662065,0.20932859135637408,static_reference,static_reference,,,direct,"[{""province_name"": ""경상북도"", ""region_name"": ""상주시"", ""weight"": 1.0}]",2024,2025년(2024년 기준) 국가토지피복통계 토지피복지도현황
47280,914819757.08,661102950.6200001,116531740.53999999,0.7226592402531457,0.12738218609527627,static_reference,static_reference,,,direct,"[{""province_name"": ""경상북도"", ""region_name"": ""문경시"", ""weight"": 1.0}]",2024,2025년(2024년 기준) 국가토지피복통계 토지피복지도현황
47290,411263892.09999996,205585763.02999997,88709525.15999998,0.49988770465657906,0.21569976568336813,static_reference,static_reference,,,direct,"[{""province_name"": ""경상북도"", ""region_name"": ""경산시"", ""weight"": 1.0}]",2024,2025년(2024년 기준) 국가토지피복통계 토지피복지도현황
47730,1170556421.5100002,765030639.4,216718404.61,0.6535615245381525,0.18514135724481912,static_reference,static_reference,,,direct,"[{""province_name"": ""경상북도"", ""region_name"": ""의성군"", ""weight"": 1.0}]",2024,2025년(2024년 기준) 국가토지피복통계 토지피복지도현황
47750,847693848.25,669676682.73,89377049.26,0.789998280761972,0.10543552892888415,static_reference,static_reference,,,direct,"[{""province_name"": ""경상북도"", ""region_name"": ""청송군"", ""weight"": 1.0}]",2024,2025년(2024년 기준) 국가토지피복통계 토지피복지도현황
47760,820098653.14,678709424.02,60678185.95999999,0.8275948526696784,0.07398888624883712,static_reference,static_reference,,,direct,"[{""province_name"": ""경상북도"", ""region_name"": ""영양군"", ""weight"": 1.0}]",2024,2025년(2024년 기준) 국가토지피복통계 토지피복지도현황
47770,745390589.4900001,596277705.6800001,61496744.29999999,0.799953358799413,0.08250271088353338,static_reference,static_reference,,,direct,"[{""province_name"": ""경상북도"", ""region_name"": ""영덕군"", ""weight"": 1.0}]",2024,2025년(2024년 기준) 국가토지피복통계 토지피복지도현황
47820,693686443.12,476244420.0199999,111029697.19,0.686541339741326,0.160057470188722,static_reference,static_reference,,,direct,"[{""province_name"": ""경상북도"", ""region_name"": ""청도군"", ""weight"": 1.0}]",2024,2025년(2024년 기준) 국가토지피복통계 토지피복지도현황
47830,386834810.3600001,232830699.95999998,57639351.67999999,0.601886628929079,0.1490024944403506,static_reference,static_reference,,,direct,"[{""province_name"": ""경상북도"", ""region_name"": ""고령군"", ""weight"": 1.0}]",2024,2025년(2024년 기준) 국가토지피복통계 토지피복지도현황
47840,613118940.3199999,392142808.14,99938336.39999999,0.6395868441697988,0.16299991702725744,static_reference,static_reference,,,direct,"[{""province_name"": ""경상북도"", ""region_name"": ""성주군"", ""weight"": 1.0}]",2024,2025년(2024년 기준) 국가토지피복통계 토지피복지도현황
47850,450503326.65,273185521.34,55143013.82,0.6064006749327296,0.12240312236992891,static_reference,static_reference,,,direct,"[{""province_name"": ""경상북도"", ""region_name"": ""칠곡군"", ""weight"": 1.0}]",2024,2025년(2024년 기준) 국가토지피복통계 토지피복지도현황
47900,664875483.7500004,329692927.19000006,173817661.49,0.49587168612456733,0.2614288926847499,static_reference,static_reference,,,direct,"[{""province_name"": ""경상북도"", ""region_name"": ""예천군"", ""weight"": 1.0}]",2024,2025년(2024년 기준) 국가토지피복통계 토지피복지도현황
47920,1202303962.5799997,961601103.3,111280551.58,0.7997986642550189,0.09255608818023466,static_reference,static_reference,,,direct,"[{""province_name"": ""경상북도"", ""region_name"": ""봉화군"", ""weight"": 1.0}]",2024,2025년(2024년 기준) 국가토지피복통계 토지피복지도현황
47930,995608356.3900001,827910331.2699999,52045724.22,0.8315622563393698,0.05227529870150329,static_reference,static_reference,,,direct,"[{""province_name"": ""경상북도"", ""region_name"": ""울진군"", ""weight"": 1.0}]",2024,2025년(2024년 기준) 국가토지피복통계 토지피복지도현황
47940,73979077.13,56659098.089999996,5380793.869999999,0.7658800337619188,0.07273399559370794,static_reference,static_reference,,,direct,"[{""province_name"": ""경상북도"", ""region_name"": ""울릉군"", ""weight"": 1.0}]",2024,2025년(2024년 기준) 국가토지피복통계 토지피복지도현황
48120,754946462.0,398770993.62,108828570.67999998,0.5282109575870825,0.14415402436841934,static_reference,static_reference,,,general_district_rollup,"[{""province_name"": ""경상남도"", ""region_name"": ""창원시 의창구"", ""weight"": 1.0}, {""province_name"": ""경상남도"", ""region_name"": ""창원시 성산구"", ""weight"": 1.0}, {""province_name"": ""경상남도"", ""region_name"": ""창원시 마산합포구"", ""weight"": 1.0}, {""province_name"": ""경상남도"", ""region_name"": ""창원시 마산회원구"", ""weight"": 1.0}, {""province_name"": ""경상남도"", ""region_name"": ""창원시 진해구"", ""weight"": 1.0}]",2024,2025년(2024년 기준) 국가토지피복통계 토지피복지도현황
48170,713098680.4300001,379072947.35,133207965.13000001,0.5315855403370235,0.1868015869131539,static_reference,static_reference,,,direct,"[{""province_name"": ""경상남도"", ""region_name"": ""진주시"", ""weight"": 1.0}]",2024,2025년(2024년 기준) 국가토지피복통계 토지피복지도현황
48220,249328807.82,153044775.96,27405675.270000003,0.6138270876042887,0.10991780496453987,static_reference,static_reference,,,direct,"[{""province_name"": ""경상남도"", ""region_name"": ""통영시"", ""weight"": 1.0}]",2024,2025년(2024년 기준) 국가토지피복통계 토지피복지도현황
48240,402228778.94999987,200967512.92999998,83991476.09,0.49963484327157454,0.20881518301414428,static_reference,static_reference,,,direct,"[{""province_name"": ""경상남도"", ""region_name"": ""사천시"", ""weight"": 1.0}]",2024,2025년(2024년 기준) 국가토지피복통계 토지피복지도현황
48250,462192779.1499999,204617941.19,77266594.79,0.4427112460871946,0.16717395484217187,static_reference,static_reference,,,direct,"[{""province_name"": ""경상남도"", ""region_name"": ""김해시"", ""weight"": 1.0}]",2024,2025년(2024년 기준) 국가토지피복통계 토지피복지도현황
48270,801947981.0200001,480198340.52000004,146285126.34000003,0.5987898864827046,0.1824122384520995,static_reference,static_reference,,,direct,"[{""province_name"": ""경상남도"", ""region_name"": ""밀양시"", ""weight"": 1.0}]",2024,2025년(2024년 기준) 국가토지피복통계 토지피복지도현황
48310,410105661.5999999,259824627.4,47087317.82,0.6335553290981439,0.11481752686927552,static_reference,static_reference,,,direct,"[{""province_name"": ""경상남도"", ""region_name"": ""거제시"", ""weight"": 1.0}]",2024,2025년(2024년 기준) 국가토지피복통계 토지피복지도현황
48330,487036167.98,340817411.01,27205100.860000003,0.699778442376369,0.055858481666431745,static_reference,static_reference,,,direct,"[{""province_name"": ""경상남도"", ""region_name"": ""양산시"", ""weight"": 1.0}]",2024,2025년(2024년 기준) 국가토지피복통계 토지피복지도현황
48720,481893429.5100001,323728244.00000006,61915536.8,0.6717838928187382,0.12848387840223738,static_reference,static_reference,,,direct,"[{""province_name"": ""경상남도"", ""region_name"": ""의령군"", ""weight"": 1.0}]",2024,2025년(2024년 기준) 국가토지피복통계 토지피복지도현황
48730,415947626.9400001,201078504.5,93262172.23000002,0.4834226510180458,0.22421614210447932,static_reference,static_reference,,,direct,"[{""province_name"": ""경상남도"", ""region_name"": ""함안군"", ""weight"": 1.0}]",2024,2025년(2024년 기준) 국가토지피복통계 토지피복지도현황
48740,530410068.7799999,265173561.57000002,119923004.46000001,0.4999406632304844,0.2260948868030273,static_reference,static_reference,,,direct,"[{""province_name"": ""경상남도"", ""region_name"": ""창녕군"", ""weight"": 1.0}]",2024,2025년(2024년 기준) 국가토지피복통계 토지피복지도현황
48820,520443905.06,315118366.69000006,93069934.63000003,0.6054799828113488,0.17882798458225838,static_reference,static_reference,,,direct,"[{""province_name"": ""경상남도"", ""region_name"": ""고성군"", ""weight"": 1.0}]",2024,2025년(2024년 기준) 국가토지피복통계 토지피복지도현황
48840,362984482.49,217288089.13,61940111.12,0.5986153668042439,0.17064120949497175,static_reference,static_reference,,,direct,"[{""province_name"": ""경상남도"", ""region_name"": ""남해군"", ""weight"": 1.0}]",2024,2025년(2024년 기준) 국가토지피복통계 토지피복지도현황
48850,677107103.0900002,431287862.22999996,94801126.94,0.6369566354595955,0.14000905692374513,static_reference,static_reference,,,direct,"[{""province_name"": ""경상남도"", ""region_name"": ""하동군"", ""weight"": 1.0}]",2024,2025년(2024년 기준) 국가토지피복통계 토지피복지도현황
48860,792109945.81,548514034.03,83554737.89,0.6924720954855549,0.10548376312149213,static_reference,static_reference,,,direct,"[{""province_name"": ""경상남도"", ""region_name"": ""산청군"", ""weight"": 1.0}]",2024,2025년(2024년 기준) 국가토지피복통계 토지피복지도현황
48870,721080052.07,511652656.56000006,80639735.49000001,0.709564291913501,0.11183187672229736,static_reference,static_reference,,,direct,"[{""province_name"": ""경상남도"", ""region_name"": ""함양군"", ""weight"": 1.0}]",2024,2025년(2024년 기준) 국가토지피복통계 토지피복지도현황
48880,799637061.54,543611734.68,105068965.84000002,0.6798230857797817,0.13139581804481457,static_reference,static_reference,,,direct,"[{""province_name"": ""경상남도"", ""region_name"": ""거창군"", ""weight"": 1.0}]",2024,2025년(2024년 기준) 국가토지피복통계 토지피복지도현황
48890,984037717.93,676984606.3299999,120313796.97,0.687966115520541,0.12226543228758492,static_reference,static_reference,,,direct,"[{""province_name"": ""경상남도"", ""region_name"": ""합천군"", ""weight"": 1.0}]",2024,2025년(2024년 기준) 국가토지피복통계 토지피복지도현황
50110,984463310.0700002,323496560.65999997,329329819.32000005,0.32860194722441993,0.3345272657206322,static_reference,static_reference,,,direct,"[{""province_name"": ""제주특별자치도"", ""region_name"": ""제주시"", ""weight"": 1.0}]",2024,2025년(2024년 기준) 국가토지피복통계 토지피복지도현황
50130,881790572.21,291660874.78999996,329469529.94,0.33075980168286534,0.3736369386602335,static_reference,static_reference,,,direct,"[{""province_name"": ""제주특별자치도"", ""region_name"": ""서귀포시"", ""weight"": 1.0}]",2024,2025년(2024년 기준) 국가토지피복통계 토지피복지도현황
51110,1115625099.4600003,810653801.1000001,73089650.62,0.7266363955887901,0.06551452692788808,static_reference,static_reference,,,direct,"[{""province_name"": ""강원특별자치도"", ""region_name"": ""춘천시"", ""weight"": 1.0}]",2024,2025년(2024년 기준) 국가토지피복통계 토지피복지도현황
51130,867082526.0200002,577416334.0,89173008.39999998,0.6659300777867149,0.10284258501819134,static_reference,static_reference,,,direct,"[{""province_name"": ""강원특별자치도"", ""region_name"": ""원주시"", ""weight"": 1.0}]",2024,2025년(2024년 기준) 국가토지피복통계 토지피복지도현황
51150,1041677914.8099997,767679162.68,85544468.44000001,0.7369640382747515,0.08212180293330226,static_reference,static_reference,,,direct,"[{""province_name"": ""강원특별자치도"", ""region_name"": ""강릉시"", ""weight"": 1.0}]",2024,2025년(2024년 기준) 국가토지피복통계 토지피복지도현황
51170,181453659.58999997,119452810.38,10809279.18,0.6583102851158099,0.05957046666583574,static_reference,static_reference,,,direct,"[{""province_name"": ""강원특별자치도"", ""region_name"": ""동해시"", ""weight"": 1.0}]",2024,2025년(2024년 기준) 국가토지피복통계 토지피복지도현황
51190,303563553.07,241790377.71999994,13801780.82,0.7965066137707397,0.045465869273237126,static_reference,static_reference,,,direct,"[{""province_name"": ""강원특별자치도"", ""region_name"": ""태백시"", ""weight"": 1.0}]",2024,2025년(2024년 기준) 국가토지피복통계 토지피복지도현황
51210,105948249.99999997,70616033.41,7152057.8,0.6665143917903318,0.06750519994431245,static_reference,static_reference,,,direct,"[{""province_name"": ""강원특별자치도"", ""region_name"": ""속초시"", ""weight"": 1.0}]",2024,2025년(2024년 기준) 국가토지피복통계 토지피복지도현황
51230,1189532337.03,973071624.49,49619764.64999998,0.8180287279281078,0.041713674446118544,static_reference,static_reference,,,direct,"[{""province_name"": ""강원특별자치도"", ""region_name"": ""삼척시"", ""weight"": 1.0}]",2024,2025년(2024년 기준) 국가토지피복통계 토지피복지도현황
51720,1817899375.0900002,1445273021.9099998,127995507.23,0.7950236639684458,0.0704084664882308,static_reference,static_reference,,,direct,"[{""province_name"": ""강원특별자치도"", ""region_name"": ""홍천군"", ""weight"": 1.0}]",2024,2025년(2024년 기준) 국가토지피복통계 토지피복지도현황
51730,998080813.7300001,715311426.3199999,103523399.62,0.7166868819437153,0.10372246234562431,static_reference,static_reference,,,direct,"[{""province_name"": ""강원특별자치도"", ""region_name"": ""횡성군"", ""weight"": 1.0}]",2024,2025년(2024년 기준) 국가토지피복통계 토지피복지도현황
51750,1127153148.1299999,906432681.28,70054206.13999999,0.8041788134858289,0.062151453204228026,static_reference,static_reference,,,direct,"[{""province_name"": ""강원특별자치도"", ""region_name"": ""영월군"", ""weight"": 1.0}]",2024,2025년(2024년 기준) 국가토지피복통계 토지피복지도현황
51760,1464283890.3,1148707217.8600001,112176845.72000001,0.784483955242214,0.07660867299237815,static_reference,static_reference,,,direct,"[{""province_name"": ""강원특별자치도"", ""region_name"": ""평창군"", ""weight"": 1.0}]",2024,2025년(2024년 기준) 국가토지피복통계 토지피복지도현황
51770,1219894133.6900003,982151821.3900001,84575265.54,0.8051123407070869,0.06933000430469509,static_reference,static_reference,,,direct,"[{""province_name"": ""강원특별자치도"", ""region_name"": ""정선군"", ""weight"": 1.0}]",2024,2025년(2024년 기준) 국가토지피복통계 토지피복지도현황
51780,890313281.9200001,618933025.19,146242699.8,0.6951856585304934,0.16425982041357526,static_reference,static_reference,,,direct,"[{""province_name"": ""강원특별자치도"", ""region_name"": ""철원군"", ""weight"": 1.0}]",2024,2025년(2024년 기준) 국가토지피복통계 토지피복지도현황
51790,907645487.63,767820589.3999999,35203160.800000004,0.8459476743556517,0.038785143847209325,static_reference,static_reference,,,direct,"[{""province_name"": ""강원특별자치도"", ""region_name"": ""화천군"", ""weight"": 1.0}]",2024,2025년(2024년 기준) 국가토지피복통계 토지피복지도현황
51800,661384759.5799999,525655115.66,54187972.05,0.7947796015042855,0.08193108665583866,static_reference,static_reference,,,direct,"[{""province_name"": ""강원특별자치도"", ""region_name"": ""양구군"", ""weight"": 1.0}]",2024,2025년(2024년 기준) 국가토지피복통계 토지피복지도현황
51810,1641467519.6000004,1452479797.84,40332514.54,0.8848666089926326,0.024571009817987988,static_reference,static_reference,,,direct,"[{""province_name"": ""강원특별자치도"", ""region_name"": ""인제군"", ""weight"": 1.0}]",2024,2025년(2024년 기준) 국가토지피복통계 토지피복지도현황
51820,661827208.8900001,518183630.43999994,49348280.54,0.7829590918588621,0.07456369257281774,static_reference,static_reference,,,direct,"[{""province_name"": ""강원특별자치도"", ""region_name"": ""고성군"", ""weight"": 1.0}]",2024,2025년(2024년 기준) 국가토지피복통계 토지피복지도현황
51830,631526949.1200001,500234602.75000006,37707775.47999999,0.792103335332009,0.05970889370998943,static_reference,static_reference,,,direct,"[{""province_name"": ""강원특별자치도"", ""region_name"": ""양양군"", ""weight"": 1.0}]",2024,2025년(2024년 기준) 국가토지피복통계 토지피복지도현황
52110,205441199.12999997,54774491.14999999,49037010.68999999,0.26661882515268787,0.2386912211263435,static_reference,static_reference,,,general_district_rollup,"[{""province_name"": ""전북특별자치도"", ""region_name"": ""전주시 완산구"", ""weight"": 1.0}, {""province_name"": ""전북특별자치도"", ""region_name"": ""전주시 덕진구"", ""weight"": 1.0}]",2024,2025년(2024년 기준) 국가토지피복통계 토지피복지도현황
52130,418137555.1500001,59803860.480000004,157434583.54000002,0.14302437019450773,0.3765138567463114,static_reference,static_reference,,,direct,"[{""province_name"": ""전북특별자치도"", ""region_name"": ""군산시"", ""weight"": 1.0}]",2024,2025년(2024년 기준) 국가토지피복통계 토지피복지도현황
52140,507414411.4799999,66161752.15,243790100.66,0.13038997445307643,0.48045561013713767,static_reference,static_reference,,,direct,"[{""province_name"": ""전북특별자치도"", ""region_name"": ""익산시"", ""weight"": 1.0}]",2024,2025년(2024년 기준) 국가토지피복통계 토지피복지도현황
52180,697633407.8900002,262568592.52000004,242034037.45000002,0.37637043976168166,0.3469358472697496,static_reference,static_reference,,,direct,"[{""province_name"": ""전북특별자치도"", ""region_name"": ""정읍시"", ""weight"": 1.0}]",2024,2025년(2024년 기준) 국가토지피복통계 토지피복지도현황
52190,750310744.0999999,403662039.87000006,162977919.15999997,0.5379931488975197,0.21721389496493548,static_reference,static_reference,,,direct,"[{""province_name"": ""전북특별자치도"", ""region_name"": ""남원시"", ""weight"": 1.0}]",2024,2025년(2024년 기준) 국가토지피복통계 토지피복지도현황
52210,546553563.03,68719851.85000001,294093129.77,0.12573305984692304,0.5380865658245785,static_reference,static_reference,,,direct,"[{""province_name"": ""전북특별자치도"", ""region_name"": ""김제시"", ""weight"": 1.0}]",2024,2025년(2024년 기준) 국가토지피복통계 토지피복지도현황
52710,822145910.6700002,508400374.59000003,117050656.56000002,0.6183821727893578,0.1423721203753366,static_reference,static_reference,,,direct,"[{""province_name"": ""전북특별자치도"", ""region_name"": ""완주군"", ""weight"": 1.0}]",2024,2025년(2024년 기준) 국가토지피복통계 토지피복지도현황
52720,789056153.7999998,533474094.66,75676010.46000001,0.6760914189577671,0.0959070024301229,static_reference,static_reference,,,direct,"[{""province_name"": ""전북특별자치도"", ""region_name"": ""진안군"", ""weight"": 1.0}]",2024,2025년(2024년 기준) 국가토지피복통계 토지피복지도현황
52730,630090783.51,460288152.93,53298695.379999995,0.7305108485572618,0.08458891444672925,static_reference,static_reference,,,direct,"[{""province_name"": ""전북특별자치도"", ""region_name"": ""무주군"", ""weight"": 1.0}]",2024,2025년(2024년 기준) 국가토지피복통계 토지피복지도현황
52740,532167350.5500001,343970445.37000006,70729958.67,0.646357663645662,0.132909241044006,static_reference,static_reference,,,direct,"[{""province_name"": ""전북특별자치도"", ""region_name"": ""장수군"", ""weight"": 1.0}]",2024,2025년(2024년 기준) 국가토지피복통계 토지피복지도현황
52750,596614638.12,357846802.08,92328678.32000002,0.5997955450902371,0.15475429602421104,static_reference,static_reference,,,direct,"[{""province_name"": ""전북특별자치도"", ""region_name"": ""임실군"", ""weight"": 1.0}]",2024,2025년(2024년 기준) 국가토지피복통계 토지피복지도현황
52770,499776303.90999997,277101996.96999997,99195944.99,0.5544520514520046,0.19848068868800003,static_reference,static_reference,,,direct,"[{""province_name"": ""전북특별자치도"", ""region_name"": ""순창군"", ""weight"": 1.0}]",2024,2025년(2024년 기준) 국가토지피복통계 토지피복지도현황
52790,612421581.9499998,185368376.94,255984413.17,0.3026810001531496,0.4179872504736442,static_reference,static_reference,,,direct,"[{""province_name"": ""전북특별자치도"", ""region_name"": ""고창군"", ""weight"": 1.0}]",2024,2025년(2024년 기준) 국가토지피복통계 토지피복지도현황
52800,540788585.7,165363150.67000002,200210264.72,0.3057815106359039,0.37021910227791993,static_reference,static_reference,,,direct,"[{""province_name"": ""전북특별자치도"", ""region_name"": ""부안군"", ""weight"": 1.0}]",2024,2025년(2024년 기준) 국가토지피복통계 토지피복지도현황
