region_id,province_name,region_name,admin_type,area_km2,total_population,population_density,average_age,urbanization_ratio,coastal_dummy,island_ratio,forest_ratio,farmland_ratio,terrain_relief,annual_mean_temperature,annual_temperature_range,annual_precipitation,business_density,manufacturing_worker_ratio,construction_logistics_worker_ratio,knowledge_public_service_worker_ratio
11110,서울특별시,종로구,자치구,23.99606187805176,151291.0,6304.8262156041465,43.0,0.44882489696573574,0,0.0,0.4268441148380875,0.0032855951367015,332.63242740631114,12.525,28.124,1319.875,1897.4780208266718,0.049100656989675875,0.09455422843355318,0.6129117971003313
11140,서울특별시,중구,자치구,9.984204838989259,128744.0,12894.767492874604,43.5,0.7580376997519795,0,0.0,0.1133911749285741,0.0005303917970094,74.94437103271486,12.219,28.307,1220.202,6614.848259331777,0.06475308845692661,0.060542556351275534,0.6088247912610145
11170,서울특별시,용산구,자치구,21.846959218017577,225876.0,10339.013212132333,42.5,0.5749703107259169,0,0.0,0.2122674069782109,0.0006674337308482,73.52727518081666,12.63,28.455,1189.975,1224.0605080612497,0.020593919188044905,0.0660746160768289,0.5804579049080207
11200,서울특별시,성동구,자치구,16.79293016101074,291918.0,17383.386770568806,42.0,0.5625247207859188,0,0.0,0.0358629365148935,0.0010672549812387,43.28468313217164,13.687,27.632,1275.166,2174.96289508785,0.12781365465369982,0.07752146216847391,0.5113478132160909
11215,서울특별시,광진구,자치구,17.048686591796876,353967.0,20762.12722276884,41.5,0.598848476979595,0,0.0,0.1337636360253606,0.0012762738120884,94.4548290252686,13.541,27.862,1301.671,1795.0356372158838,0.05308415501031873,0.1357200183444164,0.5337938546204999
11230,서울특별시,동대문구,자치구,14.321955383911133,351057.0,24511.80656479123,42.4,0.8034982948576546,0,0.0,0.0676492609338466,0.0008516923254745,25.690074920654315,13.694,27.914,1352.941,2765.125217781905,0.08882224473001203,0.0876432233968475,0.5003165157941382
11260,서울특별시,중랑구,자치구,18.523051415283202,385663.0,20820.705582115534,44.0,0.56206850192133,0,0.0,0.1904134697058023,0.0170586185424132,115.18347616195685,13.286,28.304,1350.525,1935.912134348073,0.12673538947543436,0.16452947044642116,0.4242040069831241
11290,서울특별시,성북구,자치구,24.536202958129884,438833.0,17885.12267969303,42.0,0.5849243289391944,0,0.0,0.3091258849097285,0.0035466065044116,219.89617977142336,12.976,28.165,1387.191,1309.0044965314385,0.0683208733607987,0.08017120285086686,0.5933743742516946
11305,서울특별시,강북구,자치구,23.555784716796875,299535.0,12715.984782557942,45.3,0.3709293978123999,0,0.0,0.5338914117086144,0.0035992030696943,332.89987487792973,13.165,28.244,1405.308,962.0991307430205,0.07821366081794842,0.11350219940150115,0.5113240560561215
11320,서울특별시,도봉구,자치구,20.667266638305666,315979.0,15288.862602389323,44.8,0.4207003297613045,0,0.0,0.4277743473638609,0.0122631996893585,286.8835380554199,12.433,28.398,1470.902,980.1005790701222,0.04249516759818392,0.11223159566657177,0.5418283710685227
11350,서울특별시,노원구,자치구,35.560117185791015,511982.0,14397.64659168716,42.5,0.3781641081141692,0,0.0,0.4204422911299095,0.0084802419560327,202.26037216186523,12.39,28.508,1406.574,910.1769780706092,0.026321064139941692,0.10325255102040816,0.6090834548104956
11380,서울특별시,은평구,자치구,29.65898096142578,463102.0,15614.224932485258,43.5,0.4389530448444022,0,0.0,0.3887192201490675,0.0132735432174687,214.5505657196045,12.127,28.647,1193.959,1063.2529836751355,0.03187322942178982,0.11671425830408234,0.5486168327671245
11410,서울특별시,서대문구,자치구,17.685300526489257,317209.0,17936.30815178292,41.9,0.6220980193987139,0,0.0,0.2756683319081805,0.0024668106396229,123.01275253295898,12.825,28.036,1262.188,1420.5582745043243,0.019051536462774764,0.09825737130932913,0.650852252776468
11440,서울특별시,마포구,자치구,23.873169818969725,365618.0,15315.016932082406,40.9,0.5137721589972474,0,0.0,0.030734043848456,0.002627269017118,44.77513086795807,13.432,28.104,1268.338,2228.401188589872,0.018544228067322886,0.10845955332090937,0.6302410999795713
11470,서울특별시,양천구,자치구,17.40128141821289,439068.0,25231.934904544072,41.7,0.7169759341367697,0,0.0,0.1184447906651183,0.0065800380106338,34.004595565795896,13.7,28.488,1209.022,1865.0925308311648,0.034197792638503775,0.132994436289168,0.5557820910128853
11500,서울특별시,강서구,자치구,41.561972274902345,564854.0,13590.644742840881,42.1,0.39752420531729493,0,0.0,0.0783188968201933,0.0740410919286002,24.03163480758667,12.943,28.221,1226.799,1282.061391301604,0.028793395760753706,0.2253896944680912,0.5174763393400053
11530,서울특별시,구로구,자치구,20.103321685791016,435442.0,21660.2015729455,43.5,0.6010101877114041,0,0.0,0.1649067722134102,0.0160907135156556,45.22932834625245,13.573,28.083,1258.294,2328.6698950396853,0.07843890865954922,0.08701304863582443,0.5772431791221827
11545,서울특별시,금천구,자치구,13.01120403930664,249419.0,19169.555657301902,44.1,0.6501530192320918,0,0.0,0.2045935752650886,0.0016885615837143,121.73368682861334,13.48,27.62,1277.694,3481.922185151915,0.15655585346997186,0.08500156267991381,0.548965341404438
11560,서울특별시,영등포구,자치구,24.552008540649414,403619.0,16439.347490929315,43.0,0.5393081192553938,0,0.0,0.0129266308943818,0.0005267840508531,14.76187143325806,13.742,28.324,1230.791,2829.055711877932,0.02785567212471811,0.10083831748210609,0.6844494558290029
11590,서울특별시,동작구,자치구,16.37660783862305,392772.0,23983.72140741354,42.2,0.6576017021425778,0,0.0,0.1642839198100555,0.0015573755085699,71.21284904479982,13.548,28.054,1254.671,1555.4503259169317,0.018761080964916993,0.07236877451243755,0.645409122656208
11620,서울특별시,관악구,자치구,29.605789611938476,502641.0,16977.79409326448,41.8,0.3790005548602329,0,0.0,0.4377748707305606,0.0034601794093034,284.62257556915284,13.324,27.559,1288.405,1133.1229614113126,0.03597608119085135,0.1090243592127541,0.5831237338396343
11650,서울특별시,서초구,자치구,46.891475254272464,401749.0,8567.634049077931,40.8,0.36820234288591436,0,0.0,0.3918327769024428,0.0448212988783739,158.9459333419801,13.482,28.306,1306.749,1478.7549255806805,0.013189991445867216,0.13575255584798585,0.6221764251600892
11680,서울특별시,강남구,자치구,39.40430007116699,508135.0,12895.420019700177,41.0,0.5900643690664951,0,0.0,0.163531056034679,0.0204360474210705,49.68860330581669,13.674,27.958,1294.326,2494.803862077294,0.026059083627412886,0.08004356662761657,0.6098663388576472
11710,서울특별시,송파구,자치구,33.79935041320801,643288.0,19032.555127113264,41.3,0.6395084558061023,0,0.0,0.0300326306689255,0.0152078008899993,29.599316596984863,13.61,27.97,1312.089,2041.991906833492,0.023889753587608243,0.19418280622369133,0.4788567791488155
11740,서울특별시,강동구,자치구,24.53942097692871,444434.0,18111.02227790316,42.2,0.5120029018538199,0,0.0,0.1064999413452932,0.0360003050679193,28.2032829284668,13.059,28.378,1326.301,1554.0708982438673,0.02654238792720817,0.17666700809177507,0.5184881696199939
12110,전라남도,목포시,시,53.62960836022949,224509.0,4186.288262483207,42.4,0.29765070747445027,1,0.0,0.2088095289925182,0.0977816654432997,50.914140081405634,13.996,24.499,1169.654,480.03333955149986,0.06502502557863009,0.13737798302132012,0.502198379559218
12130,전라남도,여수시,시,528.687313046997,271505.0,513.5455179267086,44.1,0.032951101549227826,1,0.0,0.5082960552915046,0.1423570390027448,191.9171237945557,14.598,23.203,1450.602,60.25111481570275,0.2017157666307589,0.2466785318408193,0.3327556866969541
12150,전라남도,순천시,시,910.944181470581,272449.0,299.0841870905553,42.0,0.015911092726451633,1,0.0,0.5920316649328915,0.1525383751067594,400.8865928649902,14.275,23.606,1576.688,34.525715888790394,0.0908821242993331,0.17290618223476945,0.4522319054048525
12170,전라남도,나주시,시,605.4863056986084,113293.0,187.11075532795553,44.5,0.015010902301932754,0,0.0,0.3032369491412658,0.3625516684422341,155.06909656524672,13.68,25.967,1324.235,26.588545188359,0.13217423194252279,0.16167964126756573,0.41790995015752885
12190,전라남도,광양시,시,466.8695992229004,143928.0,308.28308426928345,41.3,0.06364098242733171,1,0.0,0.5421765592294296,0.1110012775385655,562.5315260410309,14.264,23.871,1621.736,38.82668743086336,0.28325412937159733,0.22448555873396697,0.30550429085540276
12210,광주광역시,동구,자치구,48.70529337231445,106005.0,2176.4574784443535,44.3,0.15888033033384188,0,0.0,0.6718375174237666,0.0360195822741212,381.5789306640624,14.073,25.535,1380.323,356.9427221617385,0.028354080221300138,0.09700435178625645,0.6258981884424654
12240,광주광역시,서구,자치구,47.611177400512695,294854.0,6192.957538513318,41.5,0.360468741313152,0,0.0,0.1228679316585241,0.1732305238839102,51.11776828765878,14.069,25.539,1379.395,809.2007403199638,0.07059375765326947,0.1875969414133718,0.4804212359519987
12270,광주광역시,남구,자치구,60.540664078857425,214860.0,3549.019543626635,42.6,0.1759832844932525,0,0.0,0.2292819983790179,0.2993783991734836,119.4347841262818,14.068,25.542,1380.103,295.28912957932306,0.024924458962841976,0.15563903634136383,0.5642466312780727
12300,광주광역시,북구,자치구,119.29499352099609,439352.0,3682.90392607862,41.5,0.23471362396337223,0,0.0,0.4060818414442712,0.1293006859285949,296.7472896575928,14.093,25.509,1380.516,350.25778338841985,0.11385283023628405,0.1750558225788139,0.46450693209199057
12330,광주광역시,광산구,자치구,221.94272774584962,422502.0,1903.6532725857735,37.7,0.12638661187457875,0,0.0,0.2724695530480848,0.2868237201678228,95.58933887481687,14.007,25.599,1367.288,196.50565009700153,0.2979538464371881,0.12373304848027208,0.3389996991853448
12710,전라남도,담양군,군,453.1554293662109,44201.0,97.54048420388584,50.3,0.0019897169526602847,0,0.0,0.5300672760685875,0.2112376441987935,330.8251335144043,13.283,26.704,1425.551,15.480339736437166,0.20881099005210801,0.20876361913784935,0.3285172903837044
12720,전라남도,곡성군,군,547.9917415147705,27349.0,49.907686426808745,52.39999999999999,0.001676684994303394,0,0.0,0.6318607469074635,0.1506455868971763,376.8389190673829,12.496,27.07,1403.431,6.803022231128853,0.24825576937821053,0.17265966418768688,0.37261366250095834
12730,전라남도,구례군,군,439.18004111206056,23907.0,54.43553386320651,53.8,0.0025133688616745457,0,0.0,0.7185496409467355,0.1149835693794348,849.1231246948242,12.626,26.693,1375.448,7.746253658034406,0.09268117675197321,0.16766323845969863,0.46005740253527866
12740,전라남도,고흥군,군,814.0134265704346,60045.0,73.76413955845783,55.7,0.002331670581892754,1,0.0,0.4760015312928928,0.2676415987467896,191.41200630664824,13.722,24.083,1450.465,10.603019211075852,0.13149047441165485,0.15810608890549122,0.37957601793051926
12750,전라남도,보성군,군,665.3286131564942,37888.0,56.94629578645258,54.6,0.0010869057570952621,1,0.0,0.543148746860353,0.2132558445836619,330.49073028564453,13.544,24.505,1457.833,8.063684461948851,0.08272381509654769,0.15659742539496782,0.446459918080749
12760,전라남도,화순군,군,787.4590564743652,60247.0,76.5081047765704,48.6,0.0023234050773274207,0,0.0,0.6706049115840627,0.1174429807510594,322.76420745849623,13.827,25.667,1404.16,10.104652342974267,0.1332868108862526,0.18143754361479414,0.4362581261248026
12770,전라남도,장흥군,군,621.6663669476318,35273.0,56.739437542985726,52.2,0.0016296784479018524,1,0.0,0.5709556956993463,0.1910650718752874,305.62672424316406,13.331,24.641,1468.669,8.87614368956979,0.1190506735086594,0.13733162283515074,0.4218729955099423
12780,전라남도,강진군,군,500.5648252434082,32778.0,65.48202819497182,52.1,0.0025999916781350757,1,0.0,0.4942548017751817,0.2602317947830601,234.29030561447144,13.795,25.291,1441.681,11.191357677351643,0.08186097278122655,0.11951702026059076,0.5052868544921209
12790,전라남도,해남군,군,1046.5422469727782,65223.0,62.32237655829342,50.9,0.0017714976106915094,1,0.0,0.3410185667419532,0.3617887008871766,165.6361382007599,13.597,24.497,1315.413,9.650828745055634,0.144224863615015,0.11387694642147476,0.40120669099317174
12800,전라남도,영암군,군,610.9123798234863,57076.0,93.42747321062839,46.5,0.020015646635828586,1,0.0,0.2891972132669911,0.3893960108895323,252.5034981071949,13.784,24.856,1311.145,13.736830807757963,0.42937182949297126,0.16248138707316456,0.23922974030234964
12810,전라남도,무안군,군,455.47252583447266,84637.0,185.8224046443554,42.4,0.0091294665301309,1,0.0,0.2529097394721807,0.4083903668956928,89.5922593235969,13.964,24.542,1186.355,22.41628072142052,0.07684504964190207,0.10933513663049826,0.5350874496664925
12820,전라남도,함평군,군,389.53150875085447,30156.0,77.41607372585581,53.0,0.001963746045738391,1,0.0,0.3886661694944398,0.3228953876535265,143.57103624343884,13.372,26.041,1233.919,12.679333735641395,0.18471506016131164,0.15714663493322756,0.35065450218167393
12830,전라남도,영광군,군,480.9553571268311,50196.0,104.36727495845938,48.5,0.003058657312371026,1,0.0,0.3691748520618564,0.344722550564751,159.62253379821777,13.113,26.763,1275.54,15.29455882130901,0.13655578018746553,0.1350854622312075,0.37993934938430435
12840,전라남도,장성군,군,517.6982329024659,41443.0,80.05242700491861,49.4,0.0019343957857176416,0,0.0,0.550949907694274,0.2073472674450418,301.7874164581299,13.547,26.06,1296.832,12.516944405372984,0.24471943673991892,0.21369746106251333,0.30185619799445274
12850,전라남도,완도군,군,407.84772868359374,48269.0,118.35054262971475,50.2,0.002492626606702725,1,1.0,0.5864877523054149,0.1650510197976097,196.01884365081787,14.201,23.535,1504.614,16.98673184318432,0.09213780410651637,0.1577040317478576,0.4172082590441134
12860,전라남도,진도군,군,452.61124576501464,29297.0,64.72883799093744,51.2,0.0020392408245180718,1,1.0,0.5014766173352654,0.2451130266817696,134.16272871494309,13.899,24.199,1374.661,10.048358370576628,0.060669456066945605,0.16923585113411144,0.39804007927769214
12870,전라남도,신안군,군,679.9990073696289,35138.0,51.673604842337575,54.6,0.0,1,1.0,0.4090496589930701,0.2642574797017133,79.59880759716039,13.908,24.451,1227.864,7.47059914050529,0.05392852535156754,0.14752935105147724,0.4839375564443298
26110,부산광역시,중구,자치구,3.0168816522216795,41439.0,13735.706194998953,48.9,0.7343107769469833,1,0.0,0.0580646907304583,0.0036620637356659,111.34831326007844,15.0,22.504,1576.437,4984.285674224746,0.020784838129199477,0.40443762072210393,0.3108480676208872
26140,부산광역시,서구,자치구,14.128387259643555,105303.0,7453.292301860127,47.3,0.34472229848284003,1,0.0,0.4516266292995743,0.0262002983332874,315.1490784645081,15.0,22.553,1573.547,696.6117093996122,0.06394374777884958,0.11643905163222826,0.5319337970249276
26170,부산광역시,동구,자치구,10.070871580688477,87246.0,8663.202514398023,48.39999999999999,0.5105810116633894,1,0.0,0.2573862083617437,0.009481260370765,235.93814158439636,15.0,22.574,1572.454,1551.9014292635386,0.037182539103004106,0.2124194938150804,0.5250098579001943
26200,부산광역시,영도구,자치구,14.707792229370117,113224.0,7698.232218286441,48.20000000000001,0.5875035440563916,1,0.0,0.3308407559969259,0.0171918992925013,191.06296904087077,15.0,22.604,1570.683,741.1037516721032,0.2599852335246624,0.10517541143687331,0.41801033653273634
26230,부산광역시,부산진구,자치구,29.82560931677246,351403.0,11781.921913742368,44.4,0.4315529605211383,0,0.0,0.3951672715142805,0.0086827159705454,297.60647773742676,15.0,23.057,1545.871,1360.1063290662655,0.03515039760285813,0.1299717305384756,0.5581761112881248
26260,부산광역시,동래구,자치구,16.6539516484375,263345.0,15812.763574626293,43.9,0.5891134552993907,0,0.0,0.2522799846176007,0.0078294534303706,203.99107723236105,14.978,24.138,1497.076,1561.3711717746967,0.03260225251926497,0.15276131199367715,0.5253778897451097
26290,부산광역시,남구,자치구,27.178753897460936,269111.0,9901.520909137067,43.8,0.4431410761302476,1,0.0,0.2801678692416587,0.0102532981199855,120.67159204483038,14.999,22.947,1552.316,765.7451875284199,0.0684701634842745,0.1817268821031756,0.5094963260532405
26320,부산광역시,북구,자치구,39.63777881811524,280177.0,7068.433407574131,44.1,0.22511091504254682,0,0.0,0.5478393436365026,0.0196637665359513,415.4396756649017,14.997,24.478,1468.379,450.9586695567002,0.0395751985362081,0.11002961537736027,0.5595797257276517
26350,부산광역시,해운대구,자치구,52.15752018371582,389804.0,7473.59150946945,43.60000000000001,0.2635344458782655,1,0.0,0.5359338791949094,0.019514168943922,321.67354841232304,14.991,23.603,1520.276,719.8003253943303,0.05377510102822549,0.11718494016320544,0.49425816417281676
26380,부산광역시,사하구,자치구,47.284330127075194,312057.0,6599.585933888803,44.5,0.33482183119550285,1,0.0,0.2426614171348826,0.0107245643602599,167.58528140187286,15.006,22.931,1549.797,559.2973386516671,0.28218716126701193,0.11123489501786503,0.38054518447147617
26410,부산광역시,금정구,자치구,65.74034813659668,236950.0,3604.3313842460993,44.9,0.14422410922283932,0,0.0,0.599655056315138,0.0446422192125384,443.5034309387206,14.953,24.596,1484.028,343.8679690747724,0.10897197651081543,0.2369855546470428,0.3988081964369781
26440,부산광역시,강서구,자치구,185.7928172623291,136734.0,735.9487950868371,37.6,0.09438211179736203,1,0.0,0.1979771597344189,0.226427130760294,132.51794519126412,15.025,23.77,1493.627,160.62515461974695,0.5346458653167918,0.11294828706969282,0.16004176866796674
26470,부산광역시,연제구,자치구,12.129475252685546,204947.0,16896.608940656635,44.39999999999999,0.6328468874447359,0,0.0,0.2215572280555851,0.0045008206904509,170.05264587402343,14.991,23.668,1516.503,1810.7955655490557,0.025060457792025197,0.14920420673752882,0.5892469489904955
26500,부산광역시,수영구,자치구,10.33070039074707,171461.0,16597.228988808252,45.8,0.6779427584864387,1,0.0,0.2180490766255551,0.0033182134899442,145.2329333782197,14.995,23.304,1534.385,1883.6089775122025,0.03150473672615114,0.2117573621208783,0.45437688183887787
26530,부산광역시,사상구,자치구,36.16412686694336,216350.0,5982.447766428992,44.7,0.3668851193011378,0,0.0,0.3198403704043497,0.0225862428151642,276.2343564271927,15.016,23.659,1503.975,886.1543959822043,0.30921537554359846,0.1028783076582885,0.27908712316650697
26710,부산광역시,기장군,군,219.21222077355958,169465.0,773.0636522087556,40.9,0.03457994852317243,1,0.0,0.5935009021264009,0.0896634349562379,287.2523893356323,14.977,24.135,1497.619,82.6733105300757,0.27067543000978883,0.14733603691791358,0.29373514193819045
27110,대구광역시,중구,자치구,7.079934333618164,74278.0,10491.340244117859,44.1,0.8818119244913193,0,0.0,0.0074498906354751,0.0008256284141792,12.872712707519533,13.102,25.883,1130.454,3600.7396112347747,0.04476180734906794,0.06478379829698008,0.5704861022323369
27140,대구광역시,동구,자치구,181.52771756201173,333294.0,1836.050188237195,44.5,0.10568466181174954,0,0.0,0.6115060952107966,0.1029093361026167,522.5341938018797,13.054,25.874,1123.161,179.3610388390275,0.07050430362197446,0.16382646871931142,0.4396626422505921
27170,대구광역시,서구,자치구,17.394038674682616,170437.0,9798.586928984732,47.7,0.7107745493284979,0,0.0,0.0940829416507634,0.0071083183824414,40.80517921447754,13.115,25.905,1131.368,1171.378331454226,0.23210750829453258,0.10936236652075725,0.37340731034098196
27200,대구광역시,남구,자치구,17.790596731567383,145588.0,8183.424209805774,46.9,0.5072457363944167,0,0.0,0.4336241770674742,0.0035425146916725,366.2791221618653,13.14,25.867,1137.5,948.085117913523,0.03154857806586983,0.12803027464498482,0.5931282550863651
27230,대구광역시,북구,자치구,93.7471128560791,446466.0,4762.450665391863,41.4,0.2602364482141809,0,0.0,0.4577437112405926,0.0460518141562966,152.57924365997314,13.076,25.912,1124.639,516.3252341894517,0.18889980997313413,0.10463927658737959,0.40878055173317607
27260,대구광역시,수성구,자치구,76.61066157751465,412912.0,5389.745911307863,42.4,0.24958293736510376,0,0.0,0.4883553624402468,0.0711590405164739,336.7047489166261,13.115,25.848,1134.499,475.0252673797704,0.020943428390521882,0.13560464002467754,0.5841511823295911
27290,대구광역시,달서구,자치구,62.53170168615723,566712.0,9062.795105821568,41.8,0.5118042390822188,0,0.0,0.3091140379837893,0.0165295496334796,324.3380672454833,13.148,25.891,1137.562,846.6105762754164,0.26220787027924225,0.12048006894607204,0.3932000872465726
27710,대구광역시,달성군,군,422.92496322058105,261013.0,617.161488913734,39.7,0.05770130685634696,0,0.0,0.5766272028341531,0.1319126026429508,532.0868598937991,13.311,25.837,1221.316,56.579776747582464,0.46074286649781876,0.09284386706599512,0.2587128398224208
27720,대구광역시,군위군,군,613.0621714322509,22096.0,36.042021559377545,56.4,0.0009013056028381334,0,0.0,0.7143099533549263,0.1288880124865645,345.7826652526856,12.402,26.861,1063.715,5.500257815813771,0.21209344938158498,0.1620476408612002,0.3495190105359597
28125,인천광역시,제물포구,자치구,79.47219361340332,130578.0,1643.0652541844204,43.43441621100032,0.17641917716784147,1,0.0,0.159369937084365,0.0447175261652665,24.093708260854097,12.502,27.105,1207.014,251.8490945067406,0.1750693641618497,0.24398265895953758,0.37814450867052024
28155,인천광역시,영종구,자치구,72.17891640649414,69293.0,960.017182992311,40.9,0.11844887261608678,1,1.0,0.1747075321364906,0.0489654878102217,44.03383016586304,12.364,27.571,1180.02,146.20612950973197,0.0996690279874579,0.3083168815081485,0.4054213602756165
28177,인천광역시,미추홀구,자치구,24.98622821166992,405886.0,16244.388571238185,43.1,0.7202459629979201,0,0.0,0.0684759789865368,0.0036328562153698,43.33238830566406,12.741,27.615,1161.913,1525.6404318838286,0.11360211938074344,0.14163424124513618,0.48557827634737977
28185,인천광역시,연수구,자치구,61.070721614501956,390260.0,6390.296195670434,38.5,0.424538111792073,1,0.0,0.0524613882504777,0.0102210650161242,23.13214825391771,12.799,28.085,1087.899,569.3235494984506,0.17448831920611949,0.12456424258410385,0.42873539455205206
28200,인천광역시,남동구,자치구,57.6232657097168,528927.0,9179.052826761414,41.5,0.42969933801972454,1,0.0,0.1878574354796557,0.0986450533624562,63.74061422348022,12.94,27.824,1164.381,913.6413799456411,0.32687924546962593,0.09722490705484102,0.37364178688473004
28237,인천광역시,부평구,자치구,32.0896128717041,500812.0,15606.670046231839,42.7,0.5478720703266112,0,0.0,0.23097922373201,0.0231567867134544,70.40766143798834,13.137,27.921,1211.731,1385.2457546845876,0.1819545163698411,0.10593073477658099,0.4414324944011944
28245,인천광역시,계양구,자치구,45.398374048339846,292852.0,6450.715606866744,42.5,0.2360796104412891,0,0.0,0.2307453561355981,0.2053545447663708,80.68706102371216,12.815,28.388,1196.178,553.8964891831749,0.1401752042276,0.13111943915731733,0.46559163937720927
28275,인천광역시,서해구,자치구,86.13327030221558,351997.10000000003,4086.656628326647,39.7,0.2429260117790022,1,0.0,0.1459365360593348,0.0612925678856203,46.2117256641388,12.626,27.297,1196.91,465.1176004281994,0.3039776035834267,0.12270100783874581,0.31144008958566627
28290,인천광역시,검단구,자치구,46.37945323965454,189536.9,4086.656628326647,39.7,0.2429260117790022,0,0.0,0.1459365360593348,0.0612925678856203,46.21172566413881,12.351,28.457,1181.082,465.1176004281994,0.3039776035834266,0.1227010078387458,0.31144008958566627
28710,인천광역시,강화군,군,412.84125982470704,66020.0,159.91618673974637,52.4,0.0026817342832208416,1,1.0,0.3813073491938443,0.3874921910336362,133.5089464187622,11.321,27.905,1264.367,21.69599037606647,0.18343313373253492,0.12749500998003993,0.4089820359281437
28720,인천광역시,옹진군,군,183.68029593676758,19292.0,105.03031858485964,49.3,0.0,1,1.0,0.6129737577230951,0.12469213454018,98.15449924468994,12.427,27.908,1132.057,14.715786395131435,0.033807829181494664,0.2505338078291815,0.3871886120996441
30110,대전광역시,동구,자치구,137.07585800683594,232559.0,1696.5715435346926,42.9,0.09592922554855891,0,0.0,0.5712990297035431,0.0721730812917822,241.26950073242188,12.879,27.037,1343.223,159.33513251407695,0.08265084647663146,0.1819563015482564,0.4342063377224714
30140,대전광역시,중구,자치구,62.08643241430664,231959.0,3736.0658517487864,44.3,0.21386781996738258,0,0.0,0.5316232188052105,0.0733127132382092,233.40344429016113,12.928,27.03,1344.757,430.17449966807317,0.0368978715459298,0.16053258028379389,0.5384732076176251
30170,대전광역시,서구,자치구,95.42131426635743,478629.0,5015.954807161461,40.1,0.23195496048416472,0,0.0,0.4501048504612083,0.0917234058890332,167.52166938781738,13.092,27.006,1350.181,505.7046255441611,0.020089728828363837,0.10899046560300382,0.616111486084091
30200,대전광역시,유성구,자치구,175.725796234375,368895.0,2099.264922424849,37.5,0.1550376135650742,0,0.0,0.4818389412644789,0.1131537621426664,175.5569053649902,13.096,27.004,1350.539,214.75503772745344,0.1320919016678947,0.10860122528687068,0.5635340612231228
30230,대전광역시,대덕구,자치구,69.12195938293458,176393.0,2551.909719786523,43.0,0.25516260964608095,0,0.0,0.3556787211156164,0.063184298584372,170.69386100769046,13.03,27.033,1345.192,327.8697566202852,0.31279148693919556,0.137417617306387,0.2880055177245955
31110,울산광역시,중구,자치구,37.057220516235354,214147.0,5778.819809385834,42.89999999999999,0.31407498640921766,0,0.0,0.3248948155425641,0.1000048360887598,121.25728487968443,14.394,23.627,1292.12,499.87559082809094,0.04564844860903489,0.12925219674043825,0.5609618259379444
31140,울산광역시,남구,자치구,73.83761529943848,320175.0,4336.204503647274,41.4,0.5339023971742461,1,0.0,0.1670059714848417,0.0200694532291984,52.3893744468689,14.387,23.665,1292.029,508.34523633762916,0.1818848551521819,0.1728781065241027,0.42905577107418347
31170,울산광역시,동구,자치구,36.48816496972656,159000.0,4357.577316697588,40.6,0.35671127914486456,1,0.0,0.4602416763660473,0.0380463490025283,147.94550237655642,14.356,23.873,1292.876,280.118224867711,0.583150454584319,0.03750676888876222,0.2661099552540827
31200,울산광역시,북구,자치구,158.02699678271483,217051.0,1373.505821277123,37.6,0.09710325939496971,1,0.0,0.5768983598686778,0.100118145575677,252.93176870346068,14.389,23.637,1291.24,111.87328975382863,0.53854210690726,0.08583083736057771,0.23184983737895298
31710,울산광역시,울주군,군,756.464143744751,225050.0,297.5025344703413,42.2,0.012208398727641716,1,0.0,0.636606617267282,0.1117548979736771,468.69320526123096,14.316,24.11,1292.481,30.69808422781722,0.4485016903552401,0.16796467069047913,0.22487919712551108
36110,세종특별자치시,세종특별자치시,특별자치시,465.1195553828125,353933.0,760.9505898084603,36.4,0.04193612275438802,0,0.0,0.4146905564627037,0.1833569362413853,154.1464315414429,12.885,27.357,1284.624,73.72943064450483,0.15733429206432215,0.0845404628055955,0.5618054647666362
41110,경기도,수원시,시,120.82220906896973,1210150.0,10015.956580542259,39.71752344750651,0.42100788664576727,0,0.0,0.1975157561698578,0.1275914778223689,119.28158950805664,12.482,28.066,1320.056,252.05630847732428,0.10328320552401819,0.059535902798526046,0.6308070245327491
41130,경기도,성남시,시,141.42261626733398,922025.0,6519.6432107936525,41.76869000298257,0.2460291881761545,0,0.0,0.4934724823064141,0.0412554798532801,215.45315322875985,13.769,27.956,1304.141,330.2795637135227,0.03470121863930287,0.0762768909316301,0.6713542094987467
41150,경기도,의정부시,시,81.8792989621582,449572.0,5490.667429966355,42.4,0.19018780567719623,0,0.0,0.5365172477297833,0.0445401617572205,222.3869285583496,11.768,28.681,1456.557,477.6543094009061,0.04506543260103065,0.11645646867371846,0.5335469216164904
41170,경기도,안양시,시,58.45455281140137,542336.0,9277.908630142136,41.89974001357092,0.32572757902077837,0,0.0,0.4822710657531832,0.0131390088247632,224.3400150299072,13.088,27.796,1296.477,655.808626638281,0.12398111639584844,0.11865315817081293,0.5220279246306087
41190,경기도,부천시,시,53.707699743408206,833148.0,15512.636064855042,42.27648112940318,0.5531835277240015,0,0.0,0.1355224765548368,0.1036326966739227,56.48886747360229,13.272,28.022,1210.27,322.02086633067347,0.4557557281616371,0.11097958455626003,0.19458723183447113
41210,경기도,광명시,시,38.46367490612793,298116.0,7750.585473893577,41.6,0.23623810808967582,0,0.0,0.3022747045422275,0.1258268745025442,82.34695072174075,13.462,27.53,1275.521,619.1296088613212,0.16217478872946992,0.12249538007931729,0.4242852100247088
41220,경기도,평택시,시,458.869543135498,542522.0,1182.301174954644,39.8,0.08832025281754814,1,0.0,0.0893419745818733,0.3907238123746548,34.95631809234621,12.42,28.275,1223.747,130.1807908012774,0.3993594230897081,0.14451696668452566,0.2651120227447821
41250,경기도,동두천시,시,95.8986618289795,95239.0,993.1212613773912,45.1,0.04760639202809387,0,0.0,0.675616676136956,0.0538637349650248,331.28395080566406,11.5,28.7,1417.096,88.53095380142642,0.18198674451633265,0.10482089316711378,0.42831781600126245
41270,경기도,안산시,시,172.25189762512207,717345.0,4164.511450324822,40.70036425987495,0.20906496977103756,1,0.0,0.2475634519031251,0.1736497870737098,61.68780908584597,11.735,28.675,1130.296,283.2653844324545,0.47566758058198744,0.106089440822063,0.24686772803723245
41280,경기도,고양시,시,266.27927196362305,1045497.0,3926.3176299461547,41.89265985459547,0.15052086846427717,0,0.0,0.2956563821405462,0.1731009121224327,131.64741535186772,12.11,28.915,1173.383,93.12778954641165,0.060862093656021764,0.10123156236574538,0.4826149219533152
41290,경기도,과천시,시,35.8115469342041,58018.0,1620.0919805725066,41.6,0.0677025570678237,0,0.0,0.5521859468874414,0.05835752207905,285.28716812133786,12.823,28.02,1376.503,196.7242580429058,0.019265012894510623,0.05624462728724058,0.7660260346309714
41310,경기도,구리시,시,33.17024362207031,192051.0,5789.85798802563,41.8,0.19612960260778306,0,0.0,0.2853671305042863,0.1003807473132507,108.4198006629944,12.158,28.715,1356.206,634.9365485512067,0.05829541690636822,0.11557972909366665,0.477171696041002
41360,경기도,남양주시,시,459.289591880127,696033.0,1515.4556347570408,41.1,0.050594468502706484,0,0.0,0.5991686531387866,0.0743612228789486,335.66821441650404,11.924,28.814,1312.301,148.78412489224272,0.17711951290957023,0.1340910993011675,0.3556722601163326
41370,경기도,오산시,시,42.663571065307615,240645.0,5640.526425498481,38.1,0.34047163862032576,0,0.0,0.1825346932826971,0.1251382410049031,54.38414058685302,12.204,28.204,1279.714,470.70602620815106,0.23408886641950344,0.13162846871138073,0.39209077631726774
41390,경기도,시흥시,시,141.43392707141112,535147.0,3783.7243940048415,39.0,0.22380496077166717,1,0.0,0.2098340163293655,0.1708757819583465,62.71969010829926,12.695,28.194,1108.728,462.63298598053393,0.41573023367109346,0.10174678115537886,0.247006635559605
41410,경기도,군포시,시,36.4418342565918,275571.0,7561.9409840807675,41.7,0.29581677761047487,0,0.0,0.3982094141835497,0.0712097730400539,138.8631362915039,13.278,27.607,1327.132,691.1562086215251,0.27997861274485975,0.1524814076702474,0.34590968745443057
41430,경기도,의왕시,시,53.896621324707034,160230.0,2972.9136272693986,41.6,0.120238570261347,0,0.0,0.5217305598630602,0.0751835108489291,208.4236759185791,12.67,27.835,1309.533,239.53264013011255,0.17933243010222935,0.11707986557105907,0.46604965425017153
41450,경기도,하남시,시,92.80289095874024,279795.0,3014.9384044985804,40.1,0.10794522537507796,0,0.0,0.4647454128139502,0.0691866134989569,281.14873008728034,12.622,28.396,1118.77,369.55745285184975,0.10591169544013203,0.13469134199936952,0.3528380959445176
41460,경기도,용인시,시,591.296873119873,1066975.0,1804.4658250436803,39.949097588978184,0.06830790055913542,0,0.0,0.4646013972197085,0.1306301595708801,188.24949035644536,12.487,27.98,1319.956,46.08514138798031,0.03239104077595559,0.07585986854699764,0.5260289707102291
41480,경기도,파주시,시,688.7482439320069,460541.0,668.6637738207643,40.5,0.03324151576676861,0,0.0,0.4216939181994824,0.2158984714297007,154.01526050567617,11.445,29.291,1228.011,88.6927851187821,0.3736450584484591,0.11671271696776479,0.2675309953949699
41500,경기도,이천시,시,461.448698510376,226212.0,490.2213414627573,40.5,0.01984233967840331,0,0.0,0.2828597939132666,0.3574078569111806,113.2916618347168,11.689,28.197,1299.759,58.42686323969286,0.3635342053159854,0.17286508221659927,0.28732618317751296
41550,경기도,안성시,시,553.0536150234375,203030.0,367.107264982611,42.4,0.015447960429004587,0,0.0,0.3817397976241476,0.2617606665502309,201.58959159851065,12.487,28.486,1196.289,44.87810824443878,0.4065659682334735,0.12623064434971662,0.2543315832945667
41570,경기도,김포시,시,280.9144741741943,474546.0,1689.2899570056875,39.1,0.09563164713734726,1,0.0,0.1892122115373598,0.2658248928936136,46.36524224281311,12.074,29.038,1169.225,240.93454137229887,0.3853059377351901,0.09288071896228596,0.24634394691406
41590,경기도,화성시,시,754.1202531884766,880859.0,1168.0617199653007,36.7,0.057686308405149656,1,0.0,0.1917460807731815,0.2824220351718445,72.73563051223755,12.229,28.22,1277.234,158.28510041377575,0.47149688740954526,0.08944528125669303,0.2711499906955841
41610,경기도,광주시,시,429.5552353594971,385141.0,896.6041344547307,41.0,0.03938271848983991,0,0.0,0.6048627717714137,0.0697434281005911,278.48121032714846,11.857,28.453,1298.512,107.41109920680171,0.3107706791640419,0.15401815072997502,0.24244584893774618
41630,경기도,양주시,시,310.3233928511963,233286.0,751.751254897704,42.1,0.03317700359423713,0,0.0,0.5061379097667342,0.1315219297281225,217.81207580566408,11.838,28.622,1452.047,99.39630949701089,0.3151939144268962,0.11262946066397649,0.2993267518674997
41650,경기도,포천시,시,825.0451664575195,157939.0,191.43073182058583,44.7,0.006645403394751359,0,0.0,0.6411546336944041,0.1237809019290208,375.2024894714357,11.185,29.458,1380.295,31.784926530261952,0.4719979928440527,0.09261279343747272,0.20627890740902347
41670,경기도,여주시,시,607.0581994528809,113352.0,186.7234477718281,45.6,0.0048573646524461035,0,0.0,0.4083091511377335,0.2552714963914782,173.6146392822267,11.61,28.649,1187.709,26.302255721758584,0.18202843754399373,0.1786698308629809,0.34072763107616194
41800,경기도,연천군,군,696.132312885376,42278.0,60.73270729922492,47.6,0.0016833561498429581,0,0.0,0.6033113387014426,0.1800575433059466,250.33859062194824,11.202,29.217,1389.963,8.762701985081414,0.17353113410111262,0.1758735116142885,0.36723274123235083
41820,경기도,가평군,군,840.2853045072021,60233.0,71.68160585091339,48.4,0.0014847356526503513,0,0.0,0.7849365255598875,0.0448921049143854,570.2978958129883,10.582,29.339,1368.122,11.587730914454596,0.09357224118316268,0.14799014031095942,0.42998672734167614
41830,경기도,양평군,군,876.0369256484375,113844.0,129.95342623912038,48.1,0.0019564569138810673,0,0.0,0.6784708545860791,0.1045545083921887,371.8857307434082,11.722,28.592,1374.976,18.53118233342012,0.06014147538617006,0.1808863866031471,0.4201241518694962
43110,충청북도,청주시,시,938.8672367647705,855326.0,911.019115916065,40.31808257904004,0.05833082950973305,0,0.0,0.3717090113163597,0.2075864154220343,295.5788299560547,13.038,27.689,1233.21,24.52742954302236,0.2999447757897062,0.1571681024961343,0.3326595979677491
43130,충청북도,충주시,시,980.7740076569825,218412.0,222.69350359495638,44.0,0.018462011664906186,0,0.0,0.5448272768902387,0.1642626481766968,326.26766662597663,11.684,28.403,1216.953,26.654458413362587,0.25514013034442407,0.15172212021549203,0.36898972982788886
43150,충청북도,제천시,시,881.862789439209,134768.0,152.8219600757859,45.5,0.011884308880596509,0,0.0,0.6667287521837363,0.104091708077309,457.7099151611328,10.346,28.582,1353.274,20.100632674695635,0.17510859373505042,0.20099887100786468,0.3604737939876385
43720,충청북도,보은군,군,583.5673828818359,31543.0,54.05202710993018,53.2,0.0016605474336392396,0,0.0,0.6144283320739476,0.1658159326084691,310.6593841552735,11.271,27.19,1301.266,7.461006436820721,0.24923002596775168,0.11129899148499306,0.41023008635787184
43730,충청북도,옥천군,군,541.1785334395752,48868.0,90.29922101567674,50.3,0.004176450672636226,0,0.0,0.5757171680928685,0.1465101785020112,235.34274063110348,12.144,27.144,1319.742,14.187554615665997,0.2736075443101924,0.16524228518502926,0.31360249231675996
43740,충청북도,영동군,군,851.9387215428467,47016.0,55.18706781498887,50.6,0.0008507084742990519,0,0.0,0.6907548801735939,0.1100126519522693,477.2635803222656,11.7,26.473,1237.411,6.7892206959736185,0.17117551364704464,0.16587335060553113,0.3830812797493523
43745,충청북도,증평군,군,81.64022174694824,37183.0,455.44952235985227,42.4,0.029131936429225874,0,0.0,0.41572008302888,0.2368125322469257,252.8716857910157,12.421,27.582,1240.544,51.91068702797122,0.3008160237388724,0.09577151335311573,0.34124629080118696
43750,충청북도,진천군,군,407.93999404785154,89514.0,219.42933104396712,41.7,0.009741472883224722,0,0.0,0.4819202639293517,0.1971915721079516,250.53649139404297,12.395,27.852,1216.028,26.950042066016206,0.5678659387217333,0.08189380500490846,0.22237913989976404
43760,충청북도,괴산군,군,841.3326023774414,38093.0,45.276980699852395,52.1,0.0006302117598934219,0,0.0,0.6633051599163133,0.1323560690319395,385.7555740356444,11.628,27.514,1255.381,6.225837421726481,0.223342776203966,0.1146742209631728,0.40090651558073653
43770,충청북도,음성군,군,519.1972711932373,103725.0,199.77955539253045,45.0,0.00808342287769456,0,0.0,0.4129639709825196,0.2440417658043069,206.81105728149416,11.924,28.524,1195.429,30.724352543954165,0.5264583284271013,0.09003132138567695,0.23379177166003345
43800,충청북도,단양군,군,779.8687776315918,27640.0,35.44185995487701,52.3,0.0010178499162521726,0,0.0,0.7743136688631725,0.0676531873495022,618.7732299804688,11.211,27.373,1303.351,5.825338993307029,0.1719811042220254,0.22697077059344553,0.3520076764098022
44130,충청남도,천안시,시,636.200509970459,682199.0,1072.301875444389,38.6446670253108,0.05162700570850707,0,0.0,0.4099321227172651,0.2169459584831159,245.61915702819852,12.246,27.818,1214.883,68.49884480919941,0.37733913783356937,0.07614618482321334,0.328414660442564
44150,충청남도,공주시,시,863.302439031372,108333.0,125.48672991304177,47.2,0.0044077151273537885,0,0.0,0.548370464696922,0.1645414345019301,273.52383041381836,12.863,27.217,1317.614,17.647349655462246,0.18275471107983424,0.16434044882320745,0.41037219485495346
44180,충청남도,보령시,시,583.6445687486572,99088.0,169.77456024725146,47.7,0.006362859399106751,1,0.0,0.4549336230351874,0.2258864554698491,255.98652577400208,12.7,25.906,1192.211,23.35496761192359,0.15110534457807276,0.15068117171515544,0.40503518139627726
44200,충청남도,아산시,시,542.9193262584229,340518.0,627.198155473135,39.1,0.03379995974073193,0,0.0,0.3016281140330515,0.2964631709911972,168.40771255493166,12.364,27.901,1213.814,66.19399653291023,0.4937956762054303,0.09457444398193765,0.24830467840263032
44210,충청남도,서산시,시,743.1217935722656,176379.0,237.3487112417029,43.1,0.009111198592968696,1,0.0,0.2716610579687955,0.3905251167022172,125.80040299892416,12.102,26.901,1253.042,26.602637913454686,0.3090929611376547,0.14734835659556325,0.32776544649687117
44230,충청남도,논산시,시,553.8598334918213,119707.0,216.1323005593394,47.3,0.009239310761601862,0,0.0,0.3161411950450851,0.3623455729960706,221.64888381958008,12.447,27.171,1324.524,31.002428704289784,0.23823421364137312,0.11590268990571044,0.34817747663169923
44250,충청남도,계룡시,시,60.61175038049316,40854.0,674.0277214160136,40.0,0.033176198631068785,0,0.0,0.6554847828187214,0.0682432683567565,267.3946640014649,12.748,27.088,1335.867,57.59609280519174,0.1258872239747634,0.1296332807570978,0.45603312302839116
44270,충청남도,당진시,시,709.1828063104248,168955.0,238.2389963442581,42.9,0.00789290549656931,1,0.0,0.2137421515367178,0.4096306680710183,64.87499377727511,12.074,27.328,1239.674,30.057130277731975,0.4022499672016443,0.13215550793720207,0.26064853282022127
44710,충청남도,금산군,군,576.1658597591553,53758.0,93.3029944232925,48.8,0.0039000653057425336,0,0.0,0.6073943959469316,0.1353974617558817,254.90401458740232,11.801,27.299,1288.621,16.27309192516073,0.3808200634106373,0.09828648783441986,0.25407003669267214
44760,충청남도,부여군,군,623.815597779541,64207.0,102.92624972595029,52.5,0.002104274315474725,0,0.0,0.3497196987680732,0.3103376322240285,186.14559721946716,12.404,27.19,1325.697,12.99422462159193,0.12311337311337311,0.13614426114426115,0.4266409266409266
44770,충청남도,서천군,군,367.12141128771975,51039.0,139.02485235327177,53.3,0.007340198629515727,1,0.0,0.3069878335647582,0.3501272506428985,108.38251221179962,12.889,26.127,1248.038,22.417651891052465,0.2275902001230413,0.10172619693844316,0.4344805124307893
44790,충청남도,청양군,군,479.23282302770997,30103.0,62.81497959554285,53.3,0.001420381153568526,0,0.0,0.5090469678129593,0.2006340748346198,231.5940406799316,12.554,26.818,1291.443,10.174595239938443,0.23535766648661163,0.12763330503896905,0.33930087198086273
44800,충청남도,홍성군,군,443.12445320373536,102757.0,231.891964564536,45.2,0.015084350822153309,1,0.0,0.3023913752760323,0.3360310431514234,119.81154346466064,12.343,26.62,1244.858,28.818089156837246,0.13878995108514983,0.10471577147741844,0.48169254879612483
44810,충청남도,예산군,군,543.0811756585694,77838.0,143.32663971571003,50.6,0.00632318928350949,0,0.0,0.3650241537288203,0.3345698810081227,191.0142387390137,12.218,26.812,1232.368,20.983971661659233,0.29744668911335576,0.1260662177328844,0.31242985409652074
44825,충청남도,태안군,군,534.1898087435303,60901.0,114.00629327475463,50.6,0.0034134848141130587,1,0.0,0.3213271665262548,0.3191471738854776,52.8793380737305,12.217,26.757,1248.479,17.61733347578391,0.04867041281359232,0.12848988982788373,0.46400601743285697
47110,경상북도,포항시,시,1132.0554928581544,501109.0,442.65409528187195,43.6,0.04185947411496513,1,0.0,0.6625845211694856,0.1193195504907591,476.67305717468264,14.593,23.809,1192.011,25.808805473161435,0.10292148903092072,0.17970504404905857,0.46401580583865953
47130,경상북도,경주시,시,1319.171184206665,261778.0,198.44126610257211,45.7,0.008382080583915876,1,0.0,0.6268918129889296,0.1486060099176829,376.9417366027832,13.41,25.578,1121.801,25.144575925487693,0.37314294936590586,0.09492299982162121,0.31709803188733254
47150,경상북도,김천시,시,1004.5781061113281,139145.0,138.51088248242178,45.9,0.006616893927472628,0,0.0,0.6467273830644047,0.1639639707054637,555.5001464843749,12.166,25.991,1176.854,16.513399902985338,0.23975544516622085,0.13167749331295375,0.3933970194879633
47170,경상북도,안동시,시,1526.6601743110352,159412.0,104.4187846663,46.5,0.005012965117436011,0,0.0,0.6690916028745937,0.130871196068257,280.80608520507843,12.189,26.913,1044.957,13.356607019111003,0.07954308114968751,0.13182205227897112,0.5092460196327298
47190,경상북도,구미시,시,613.5443569272461,416603.0,679.0104012795942,38.4,0.05789152484082228,0,0.0,0.5039083917088739,0.1844803033131352,246.95724487304693,13.092,26.198,1113.85,71.64111201370265,0.46094443506532407,0.08023504680786175,0.28023722518420896
47210,경상북도,영주시,시,672.7362950408935,103818.0,154.3219843574654,48.1,0.008498129939090743,0,0.0,0.611264780824497,0.2027745219466293,601.5283187866212,11.611,26.466,1304.89,20.86850390485712,0.16960672820078812,0.16106424056491497,0.3490254158842665
47230,경상북도,영천시,시,915.11358728125,100353.0,109.66179651877206,49.0,0.0036187745609138457,0,0.0,0.6363224885512568,0.1645245024503231,366.9786529541016,12.805,25.796,1086.191,14.555570133728377,0.37183916899579655,0.10482184907238276,0.2868681088932415
47250,경상북도,상주시,시,1251.2574769565429,95473.0,76.30164195479637,50.6,0.0021663541276837808,0,0.0,0.5971592900662065,0.209328591356374,396.530778503418,12.75,26.184,1183.019,10.752383300617247,0.13715402819220085,0.15742360325136331,0.43214322461158555
47280,경상북도,문경시,시,914.2267551258545,68212.0,74.61168645256917,50.5,0.003332358884618956,0,0.0,0.7226592402531457,0.1273821860952762,567.5162200927734,11.929,25.973,1288.558,9.742659520803285,0.14025326170376054,0.12175748273215656,0.47029930928626246
47290,경상북도,경산시,시,411.0469103323975,283733.0,690.2691465812412,41.5,0.053849245313875846,0,0.0,0.499887704656579,0.2156997656833681,348.0853633880615,13.094,25.716,1123.309,70.61237846679987,0.3189913675601999,0.10785097682871422,0.3548477964561563
47730,경상북도,의성군,군,1169.1684594661865,49243.0,42.1179682032161,56.89999999999999,0.0009395915456884346,0,0.0,0.6535615245381525,0.1851413572448191,284.5539268493652,11.6,28.098,1011.211,5.3080460302816475,0.1088754474756203,0.17466979385261078,0.4068016294284656
47750,경상북도,청송군,군,846.6349490128174,23761.0,28.065224602061964,55.300000000000004,0.0,0,0.0,0.789998280761972,0.1054355289288841,331.83311462402344,11.208,27.19,967.872,3.8576248285145565,0.04981920449979912,0.14021695460024106,0.5243069505825633
47760,경상북도,영양군,군,819.0563831691894,15743.0,19.220898980220788,55.0,0.000669678182444123,0,0.0,0.8275948526696784,0.0739888862488371,393.8347717285157,11.59,25.837,1065.536,2.5956698997617607,0.05626365622723962,0.1864530225782957,0.4845229424617626
47770,경상북도,영덕군,군,744.6998993498535,34893.0,46.85511577275986,54.2,0.0019063737503381192,1,0.0,0.799953358799413,0.0825027108835333,409.7047561645507,12.966,23.975,1099.709,7.91862601988837,0.08235391491474921,0.1593279258400927,0.4188048336368151
47820,경상북도,청도군,군,692.9640014464111,41378.0,59.71161548598839,54.2,0.0012296686093669997,0,0.0,0.686541339741326,0.160057470188722,437.2980194091797,13.458,25.63,1193.302,8.574759998495407,0.14132236885735128,0.10955633662709728,0.3985675442668612
47830,경상북도,고령군,군,386.4840147467041,31419.0,81.29443599521586,51.0,0.002102931166590846,0,0.0,0.601886628929079,0.1490024944403506,221.87500190734875,12.899,25.826,1269.133,15.092474144947138,0.42515995314048843,0.09529602595296026,0.2682707037938181
47840,경상북도,성주군,군,612.4549115397949,41574.0,67.88091534032654,52.29999999999999,0.0018238755359012565,0,0.0,0.6395868441697988,0.1629999170272574,474.6394062042238,12.87,25.987,1197.931,12.13150529125478,0.44497444633730837,0.11158432708688246,0.22312606473594548
47850,경상북도,칠곡군,군,449.80569759753416,115756.0,257.3466735042855,42.2,0.01273691627429356,0,0.0,0.6064006749327296,0.1224031223699289,412.3003536224365,12.845,26.411,1094.792,36.68028237108406,0.421394466504831,0.11354757809108885,0.24784978216484735
47900,경상북도,예천군,군,663.9362188912354,53718.0,80.90837413525706,49.0,0.0029212605741542317,0,0.0,0.4958716861245673,0.2614288926847499,394.4130912780763,11.93,26.393,1227.288,9.817208060866106,0.07362108887965327,0.1369708484236775,0.46167547349047083
47920,경상북도,봉화군,군,1201.0403702495116,29945.0,24.932550763284535,54.9,0.0,0,0.0,0.7997986642550189,0.0925560881802346,602.6994689941405,10.102,26.794,1200.677,3.2729957271822174,0.13167381974248926,0.22257510729613733,0.38257510729613736
47930,경상북도,울진군,군,993.2963934143066,47151.0,47.46921494190223,49.3,0.001661404059192702,1,0.0,0.8315622563393698,0.0522752987015032,625.9096515655517,12.773,22.533,1182.194,6.255937342770682,0.04845670325546487,0.12716952809832066,0.5102730087250211
47940,경상북도,울릉군,군,73.79752120947266,8444.0,114.42118734627806,50.0,0.0,1,1.0,0.7658800337619188,0.0727339955937079,569.9162170410157,12.7,22.1,1480.547,23.307015897157537,0.07562022900763359,0.26836832061068705,0.39718511450381677
48120,경상남도,창원시,시,752.0572224291992,1029389.0,1368.7641967920993,42.09825449854234,0.09637295302595578,1,0.0,0.5282109575870825,0.1441540243684193,330.89267683029175,14.777,24.066,1509.939,19.87348775366233,0.1682799540916867,0.21884406331882458,0.3500075792026679
48170,경상남도,진주시,시,712.4573524318847,352403.0,494.63030846283795,42.1,0.029751710818405157,0,0.0,0.5315855403370235,0.1868015869131539,149.91412639617923,13.382,25.596,1512.096,55.71000125764679,0.11143823976625622,0.13860648161951045,0.4884469753436093
48220,경상남도,통영시,시,249.95269115551758,127984.0,512.0328947383482,44.6,0.024996597720616617,1,0.0,0.6138270876042887,0.1099178049645398,177.03854064941405,14.599,22.906,1539.02,57.874951988412185,0.12617779598525194,0.10407981299853002,0.4704677446562402
48240,경상남도,사천시,시,401.35617972216795,111184.0,277.02077510545683,45.6,0.022814084004732362,1,0.0,0.4996348432715745,0.2088151830141442,219.13901262283343,13.976,24.406,1702.679,33.643433643770535,0.36049337260677466,0.1148379970544919,0.31990058910162
48250,경상남도,김해시,시,461.59031055444336,552427.0,1196.7907197541633,39.8,0.06458030281050284,0,0.0,0.4427112460871946,0.1671739548421718,291.67778599262243,15.073,24.941,1403.681,137.379400195448,0.40613199223575086,0.10097053114522675,0.2703238044820893
48270,경상남도,밀양시,시,800.9571568857422,103228.0,128.88080106727313,49.2,0.004371113373420338,0,0.0,0.5987898864827046,0.1824122384520995,520.8049931526186,13.627,25.591,1230.5,16.330461482930332,0.2796652719665272,0.12965929468021517,0.3463239689181112
48310,경상남도,거제시,시,407.4790995324707,246965.0,606.0801652977054,39.2,0.032732008869419744,1,1.0,0.6335553290981439,0.1148175268692755,253.69542503356945,14.424,23.378,1892.952,51.85542037430614,0.42771127298660283,0.09646986908461107,0.32655493861749274
48330,경상남도,양산시,시,486.3363328569336,351206.0,722.1463342803855,40.8,0.05322342484252453,0,0.0,0.699778442376369,0.0558584816664317,548.9560405731202,14.849,25.14,1456.641,78.2729922240834,0.3383357926302691,0.13673917626019136,0.3151141363107826
48720,경상남도,의령군,군,481.43898877575685,25965.0,53.932067417360535,54.0,0.0016280857144394822,0,0.0,0.6717838928187382,0.1284838784022373,330.15297164917,13.207,25.974,1356.683,6.193931255096056,0.20749570663703404,0.13910496009697948,0.43388221032427515
48730,경상남도,함안군,군,415.5514249327393,65279.0,157.090064149259,46.9,0.005001633216241319,0,0.0,0.4834226510180458,0.2242161421044793,256.35362968444866,13.721,25.306,1424.083,26.571921878952157,0.5657826313052522,0.09023491374437587,0.18200728029121166
48740,경상남도,창녕군,군,529.8637581340332,61302.0,115.69389122947558,50.5,0.004215247496574425,0,0.0,0.4999406632304844,0.2260948868030273,330.50185928344735,13.392,25.756,1276.453,13.526118535148145,0.3690931812856362,0.07787237366242288,0.34019370460048426
48820,경상남도,고성군,군,519.8200680661621,50016.0,96.2179089892967,50.7,0.0024193381465217527,1,0.0,0.6054799828113488,0.1788279845822583,279.59127893447874,14.59,23.215,1631.451,12.410063397511857,0.25956284153005466,0.12221896955503513,0.36938914910226384
48840,경상남도,남해군,군,361.6961781738281,41587.0,114.97771474934866,54.1,0.00257659581780849,1,1.0,0.5986153668042439,0.1706412094949717,322.0138253211976,14.3,23.799,1890.113,18.482362832120515,0.0803373597312558,0.13908941462368665,0.43899649774855265
48850,경상남도,하동군,군,676.196484954834,41772.0,61.7749440131889,53.699999999999996,0.001158883678687478,1,0.0,0.6369566354595955,0.1400090569237451,753.7843141555786,13.118,25.304,1486.451,9.963080480150666,0.08432331702771954,0.12467971115769858,0.4713487071977638
48860,경상남도,산청군,군,791.2513312232666,33500.0,42.338001439074155,54.3,0.0009001515724452238,0,0.0,0.6924720954855549,0.1054837631214921,689.6447975158691,13.007,24.862,1530.282,6.451805890939509,0.132566383519497,0.1496889840144472,0.4568925155507993
48870,경상남도,함양군,군,720.2487549144287,37114.0,51.529419171865754,52.7,0.0014751457919926986,0,0.0,0.709564291913501,0.1118318767222973,747.3541763305665,12.792,25.679,1329.548,7.454369012602986,0.12129416542574793,0.1571003113577907,0.45126573710572626
48880,경상남도,거창군,군,798.9732041828613,59595.0,74.58948521427568,48.5,0.003486633087838112,0,0.0,0.6798230857797817,0.1313958180448145,595.7665100097656,12.119,25.705,1296.452,10.022864293915926,0.1162092423176167,0.17274220032840723,0.4383298146844945
48890,경상남도,합천군,군,983.1816662552491,42140.0,42.86084804703815,55.8,0.0010534081905175787,0,0.0,0.687966115520541,0.1222654322875849,480.155086517334,13.1,25.742,1302.546,5.861582043072635,0.0835600195298877,0.169421775824789,0.4241473111529609
50110,제주특별자치도,제주시,시,982.2790438294678,492306.0,501.1875221125746,40.7,0.029149768734118463,1,1.0,0.3286019472244199,0.3345272657206322,680.0178447723388,16.205,21.083,1514.262,71.28829678275916,0.052879267123603683,0.1794460364900265,0.4748573567030815
50130,제주특별자치도,서귀포시,시,880.0308056126709,178552.0,202.89289745453107,44.0,0.010437063045316369,1,1.0,0.3307598016828653,0.3736369386602335,675.681592941284,16.882,20.016,1976.977,27.18427564969727,0.045190445448676564,0.09411477326261057,0.503690262244168
51110,강원특별자치도,춘천시,시,1114.6352296994628,284645.0,255.37053954121686,42.8,0.013869462392793998,0,0.0,0.7266363955887901,0.065514526927888,434.63319396972656,11.378,29.109,1341.778,28.69279486942401,0.0760581648124806,0.1406989276776091,0.5329277872161634
51130,강원특별자치도,원주시,시,866.1927422762451,352429.0,406.8713379817304,41.9,0.022199277691324223,0,0.0,0.6659300777867149,0.1028425850181913,520.8720321655273,11.998,28.402,1298.981,50.506080072935944,0.12706055957905366,0.14458704670925318,0.47201133914529253
51150,강원특별자치도,강릉시,시,1040.1626585065917,216542.0,208.18090154370574,44.8,0.011509484879209527,1,0.0,0.7369640382747515,0.0821218029333022,806.3045612335205,13.425,24.125,1447.158,27.281310060430485,0.08618648308860327,0.17549769917121338,0.45525895004089006
51170,강원특별자치도,동해시,시,181.12075079528807,87801.0,484.7649958078916,45.2,0.0421453911629798,1,0.0,0.6583102851158099,0.0595704666658357,640.016014480591,12.788,23.013,1266.062,61.7709453548216,0.11362694135280799,0.2048027553656281,0.401441464425806
51190,강원특별자치도,태백시,시,303.3054169197998,41494.0,136.80599714106611,47.7,0.005766258241482232,0,0.0,0.7965066137707397,0.0454658692732371,446.0634094238278,9.01,26.109,1306.824,17.86647945504018,0.05911382329530379,0.15346245688511542,0.5289466702042982
51210,강원특별자치도,속초시,시,105.64042997314453,80054.0,757.7969913635432,45.2,0.051205830773077665,1,0.0,0.6665143917903318,0.0675051999443124,906.4233112335204,12.421,24.129,1402.426,109.17221752062038,0.07723561354846271,0.15634644684924015,0.4104777903660585
51230,강원특별자치도,삼척시,시,1187.6315050743408,65939.0,55.521430442241844,46.6,0.0026454669285683303,1,0.0,0.8180287279281078,0.0417136744461185,829.7119812011719,11.958,23.939,1261.594,7.612630653002146,0.06636827237040026,0.19026305169314306,0.44098763620354403
51720,강원특별자치도,홍천군,군,1815.8652013173828,66587.0,36.66957214207979,49.1,0.0010926153706567025,0,0.0,0.7950236639684458,0.0704084664882308,688.8617553710938,10.826,29.477,1338.774,5.466815484320153,0.10716623666679502,0.1899572567291771,0.4053679386961377
51730,강원특별자치도,횡성군,군,997.0906716171875,44649.0,44.77927762335146,50.7,0.0015263941418000979,0,0.0,0.7166868819437153,0.1037224623456243,520.2767639160156,11.227,29.02,1326.514,6.360504797135321,0.28302822840700503,0.13613136875527113,0.32767772982090587
51750,강원특별자치도,영월군,군,1126.3287022263185,36282.0,32.21262134959754,51.3,0.0009112200177189252,0,0.0,0.8041788134858289,0.062151453204228,615.7521484375,11.175,27.912,1206.42,5.100642457787274,0.13414122337635084,0.18974923932431015,0.45372993389990557
51760,강원특별자치도,평창군,군,1462.5283194776612,39258.0,26.84255715063412,51.2,0.0001889763065228779,0,0.0,0.784483955242214,0.0766086729923781,563.1536773681642,9.012,27.479,1385.388,4.587945348228513,0.0588473556301354,0.15565328087026964,0.5025460016201828
51770,강원특별자치도,정선군,군,1218.3083470338136,34524.0,28.33765366875698,50.6,0.0,0,0.0,0.8051123407070869,0.069330004304695,567.915106201172,10.698,28.003,1130.257,3.983392227276029,0.056004901960784316,0.1230392156862745,0.6045343137254902
51780,강원특별자치도,철원군,군,889.5904919989014,43042.0,48.38406029192717,45.4,0.0019503178210701275,0,0.0,0.6951856585304934,0.1642598204135752,455.0477584838867,10.356,29.679,1356.25,6.326506466311187,0.11074340140447171,0.16474291710388247,0.3958350149326015
51790,강원특별자치도,화천군,군,906.6689223563233,23733.0,26.17603781799512,45.1,0.0005371199320854318,0,0.0,0.8459476743556517,0.0387851438472093,560.3155975341797,10.972,29.071,1321.335,3.613226304797203,0.06455894774948714,0.20984674791842645,0.4713406540364426
51800,강원특별자치도,양구군,군,660.7981779819336,21317.0,32.259471515344906,44.5,0.0014467892192434864,0,0.0,0.7947796015042855,0.0819310866558386,556.6356842041016,10.628,28.413,1242.598,5.096866353787195,0.06403227474914658,0.15578773145753594,0.5093617461466846
51810,강원특별자치도,인제군,군,1640.2302769892578,30147.0,18.379736322961094,45.2,0.0005770937735264103,0,0.0,0.8848666089926326,0.0245710098179879,622.8856140136719,10.761,27.367,1242.627,3.214182833935413,0.07492795389048991,0.22513317614182168,0.3695747096323465
51820,강원특별자치도,고성군,군,660.3306390432128,26572.0,40.24044687446511,49.5,0.0006385873910242787,1,0.0,0.7829590918588621,0.0745636925728177,668.4632461547853,12.163,24.435,1400.119,7.170650156201726,0.10112359550561797,0.16021340231185838,0.46479670196427125
51830,강원특별자치도,양양군,군,630.2868355300293,26748.0,42.437821150915696,51.1,0.0010803556438353655,1,0.0,0.792103335332009,0.0597088937099894,801.4793132781987,12.585,24.139,1413.123,8.949893416790617,0.0837667882928344,0.17809176306187408,0.4466268146883006
52110,전북특별자치도,전주시,시,205.26038390588377,666517.0,3247.177985916718,41.02891899231378,0.21422083284303736,0,0.0,0.2666188251526878,0.2386912211263435,183.51546916961675,11.61,26.64,1371.16,171.5723186805874,0.09557008240898501,0.15031816127125422,0.46826210925275563
52130,전북특별자치도,군산시,시,420.13994183764646,269023.0,640.3176018526651,43.3,0.09335020264546935,1,0.0,0.1430243701945077,0.3765138567463114,34.262866449356096,12.984,26.028,1247.325,76.87200569109528,0.2512746439127981,0.13371086388811831,0.3566324529601393
52140,전북특별자치도,익산시,시,506.96907274682616,285312.0,562.7798919846165,43.9,0.036657154290121036,0,0.0,0.1303899744530764,0.4804556101371376,68.07127447128303,12.845,26.294,1263.374,69.49733601914393,0.22048903116126814,0.11066500280324815,0.38062684245745393
52180,전북특별자치도,정읍시,시,697.322501598999,106706.0,153.0224533918198,48.39999999999999,0.005888458554806937,0,0.0,0.3763704397616816,0.3469358472697496,298.20092868804943,13.293,26.304,1329.559,24.340244235744542,0.18651507835476933,0.11388876695491858,0.3846407093630657
52190,전북특별자치도,남원시,시,749.898678248413,78097.0,104.14340265596444,49.0,0.005093235634074253,0,0.0,0.5379931488975197,0.2172138949649354,689.610725402832,12.496,26.705,1353.668,16.22085803433104,0.1099354565654428,0.1617112827566748,0.3902937960709625
52210,전북특별자치도,김제시,시,543.9075319638672,79733.0,146.5929322804392,50.7,0.006467121382378053,1,0.0,0.125733059846923,0.5380865658245785,97.74503781795504,13.023,26.126,1262.764,24.89577585202397,0.278122944229223,0.09621616353580391,0.310649806300709
52710,전북특별자치도,완주군,군,821.5136175209961,95834.0,116.65540041708522,44.6,0.017013490795413116,0,0.0,0.6183821727893578,0.1423721203753366,380.3706550598145,11.334,26.922,1357.104,15.285200065084824,0.3928067190384824,0.11179089888860733,0.3179958730043804
52720,전북특별자치도,진안군,군,788.443544381836,23380.0,29.65335966867563,53.0,0.000718199627652434,0,0.0,0.6760914189577671,0.0959070024301229,358.0593414306641,11.044,26.685,1410.732,5.8989638930286725,0.10182275298554368,0.13181287599892252,0.3535063302505163
52730,전북특별자치도,무주군,군,629.4495792266846,22678.0,36.028302740088,52.3,0.0011484404213727597,0,0.0,0.7305108485572618,0.0845889144467292,664.2105834960942,11.562,26.425,1347.573,6.283267366480644,0.07278036119822645,0.15226559965394182,0.4587433762301287
52740,전북특별자치도,장수군,군,531.5753219422608,20879.0,39.27759461013478,51.89999999999999,0.0012576839488282671,0,0.0,0.646357663645662,0.132909241044006,472.87620849609374,10.705,26.4,1485.442,6.48638087148545,0.0878597957288765,0.12964252553389044,0.4361652739090065
52750,전북특별자치도,임실군,군,596.2794349057617,26075.0,43.7294974027085,52.6,0.0012113319657152922,0,0.0,0.5997955450902371,0.154754296024211,251.21186828613284,11.305,26.894,1336.92,8.12873917203943,0.1382460934164461,0.12014345487148835,0.4018444197762787
52770,전북특별자치도,순창군,군,499.52062509875486,26598.0,53.24705059924521,52.0,0.002067288492433811,0,0.0,0.5544520514520046,0.198480688688,324.11540603637695,12.759,27.466,1467.071,7.867543005302418,0.144672131147541,0.14344262295081966,0.39959016393442626
52790,전북특별자치도,고창군,군,611.935927267456,52608.0,85.96978483501732,51.89999999999999,0.002897706607811231,1,0.0,0.3026810001531496,0.4179872504736442,161.36982393264782,13.197,26.387,1249.888,14.570152858671959,0.10862832912477964,0.11115346133689075,0.4131211587021773
52800,전북특별자치도,부안군,군,530.7664505449219,49326.0,92.93353027373618,51.8,0.003041294392934467,1,0.0,0.3057815106359039,0.3702191022779199,171.56255888938904,13.051,26.184,1258.661,15.84124239836139,0.12802351353955863,0.11014744145706852,0.41524525392695383
